{"name": "21st Century American Foreign Policy", "instructor(s)": "Bruce W Jentleson", "university": "Duke University", "provider": "coursera", "start": "20/Oct/2013", "duration": "6 weeks", "language": "English", "description": "\nWhat is American foreign policy? Who makes it? Why is it the way it is? How does it affect the rest of the world? Professor Bruce Jentleson has taught the subject for over 30 years, written one of the leading books on it, and has served in numerous U.S. foreign policy positions.\n"}