{"name": "9 11 and Its Aftermath Part1", "instructor(s)": "David Schanzer", "university": "Duke University", "provider": "coursera", "start": "09/Sep/2013", "duration": "7 weeks", "language": "English", "description": "\nThis course will explore the forces that led to the 9/11 attacks and the policies the United Statses adopted in response. We will examine the phenomenon of modern terrorism, the development of the al Qai'da ideology, and the process by which individuals radicalize towards violence.\n"}