{"name": "A Beginner's Guide to Irrational Behavior", "instructor(s)": "Dan Ariely", "university": "Duke University", "provider": "coursera", "start": "19/Jan/2015", "duration": "6 weeks", "language": "English", "description": "\n***CourseBuffet note: This course is no longer available. We are not sure when/if it will return***\nBehavioral economics couples scientific research on the psychology of decision making with economic theory to better understand what motivates financial decisions. In A Beginner\u2019s Guide to Irrational Behavior, you will learn about some of the many ways in which we behave in less than rational ways, and how we might overcome our shortcomings. You\u2019ll also learn about cases where our irrationalities work in our favor, and how we can harness these human tendencies to make better decisions.\n"}