{"name": "\"A Christmas Carol\" by Dickens: BerkeleyX Book Club", "instructor(s)": "Maggie Sokolik", "university": "University of California, Berkeley", "provider": "edx", "start": "01/Dec/2014", "duration": "Always Available", "language": "English", "description": "\nThis course will explore in depth Charles Dickens\u2019 1843 novella, \u201cA Christmas Carol,\u201d which has an important place in English language literature. It has given us enduring characters, such as Scrooge and Tiny Tim, and common sayings, like \u201cBah! Humbug!\u201d. Whether you celebrate Christmas or not, you will find that this book offers important themes, including generosity, poverty, and social injustice.\n\u00a0\nParticipants in this course will read, discuss, and write about the text and its influence. As in most book clubs, the focus will be on lively discussion. Course materials will include background information for understanding the text, as well as vocabulary and language support. Assessment will include quizzes and short writing assignments.\n\u00a0\nThis is the first part of the BerkeleyX Book Club offerings.\n"}