{"name": "A Crash Course on Creativity", "instructor(s)": "Tina Seelig", "university": "Stanford University", "provider": "novoed", "start": "Always Available", "duration": "Always Available", "language": "English", "description": "\nIn this course, Tina Seelig reveals a set of tools and conditions that we each control - our Innovation Engine - that allows us to increase our own creativity and that of our teams and organizations. She shows that just as the scientific method demystifies the process of discovery, there is a...\n"}