{"name": "A Hands-on Introduction to Engineering Simulations", "instructor(s)": "Rajesh Bhaskaran", "university": "Cornell", "provider": "edx", "start": "15/Feb/2017", "duration": "Always Available", "language": "English", "description": "\nIn this hands-on course, you\u2019ll learn how to perform engineering simulations using a powerful tool from ANSYS, Inc. This is a problem-based course where you\u2019ll learn by doing. The focus will be on understanding what\u2019s under the blackbox so as to move beyond garbage-in, garbage-out. You\u2019ll practice using a common solution approach to problems involving different physics: structural mechanics, fluid dynamics and heat transfer. We\u2019ll solve textbook examples to understand the fundamental principles of finite-element analysis and computational fluid dynamics. Then we\u2019ll apply these principles to simulate real-world examples in the tool including a bolted rocket assembly and a wind turbine rotor.We\u2019ll discuss current industry practices with a SpaceX engineer. By working through examples in a leading simulation tool that professionals use, you\u2019ll learn to move beyond button pushing and start thinking like an expert. This course teaches fundamental concepts and tool use in an integrated fashion using the power of online learning. All learners will have access to a free download of ANSYS Student. Join us to discover why simulations have changed how engineering is done and how you can be a part of this revolution.\n"}