{"name": "A Look at Nuclear Science and Technology", "instructor(s)": "Larry Foulke", "university": "University of Pittsburgh", "provider": "coursera", "start": "03/Mar/2014", "duration": "7 weeks", "language": "English", "description": "\nThis course will focus on the theory, design and operation of commercial nuclear power reactors. The course will also touch on contemporary issues regarding nuclear power generation including: the nuclear fuel cycle, the economics of nuclear power, and nuclear non-proliferation.\n"}