{"name": "A New History for a New China, 1700-2000: New Data and New Methods, Part 1", "instructor(s)": "James Lee", "university": "The Hong Kong University of Science and Technology", "provider": "coursera", "start": "22/Sep/2015", "duration": "5 weeks", "language": "English", "description": "\nThe purpose of this course is to summarize some of the new directions in Chinese history and Chinese social science produced by the discovery and analysis of new historical data, in particular archival documents and datasets, and to organize this knowledge in a framework that encourages learning about China in comparative perspective.\n"}