{"name": "A Resilient Future: Science and Technology for Disaster Risk Reduction", "instructor(s)": "Silvia Hostettler, Additional Instructors", "university": "EPFL", "provider": "edx", "start": "05/Nov/2016", "duration": "Always Available", "language": "English", "description": "\nThis course aims to introduce participants to existing and emerging technologies suitable for disaster risk reduction while promoting the overall aim of sustainable development. The course focuses on three main natural hazards- floods, landslides and earthquakes. It also discusses the challenges and limits of adapting and adopting technologies depending on context (Global North and Global South) with examples from Switzerland, Nepal, Colombia, Philippines and other countries. Image: \u201cEarthquake in Nepal\u201d by Asian Development Bank (www.adb.org) is licensed under BY-NC-ND 2.0 (permission granted 18 January 2016)\n"}