{"name": "A System View of Communications: From Signals to Packets (Part 1)", "instructor(s)": "Bertram Shi, Shenghui Song", "university": "The Hong Kong University of Science and Technology", "provider": "edx", "start": "23/Sep/2014", "duration": "Always Available", "language": "English", "description": "\nHave you ever wondered how information is transmitted using your mobile phone or a WiFi hotspot? This introductory course seeks to enable you to understand the basic engineering tools used and tradeoffs encountered in the design of these systems.\nThis course is divided into three parts. In Part 1, we examine the point-to-point link, which communicates information from a single transmitter to a single receiver. Part 2 examines how multiple transmitters can share the same physical channel. Part 3 discusses how information can be transmitted reliably from one station to another over a network that connects multiple stations. Online interactive exercises are included to help build your intuition.\n"}