{"name": "Abortion: Quality Care and Public Health Implications", "instructor(s)": "Jody Steinauer", "university": "University of California, San Francisco", "provider": "coursera", "start": "13/Oct/2014", "duration": "7 weeks", "language": "English", "description": "\nAbortion is a common experience for women around the world; yet, abortion is often excluded from the curricula of health professionals. This course, geared toward clinicians, health care workers, and students, aims to address this gap and will contextualize abortion care within a public health framework from both clinical and social perspectives.\n"}