{"name": "Abstract Algebra I", "instructor(s)": "Various", "university": "NA", "provider": "saylor", "start": "Always Available", "duration": "Always Available", "language": "English", "description": "\nSurvey of how attributes of sets of mathematical objects behave when one or more properties we associate with real numbers are restricted. This will be done through a review of basic set theory, integers, and functions, followed by an exploration of the fundamentals of groups, rings, and fields.\n"}