{"name": "Advanced Competitive Strategy", "instructor(s)": "Tobias Kretschmer", "university": "Ludwig-Maximilians-Universitat Munchen", "provider": "coursera", "start": "10/Jun/2014", "duration": "5 weeks", "language": "English", "description": "\nIn seven brand new modules, you will learn necessary tools to examine complex competitive situations and find solutions for them. This course is designed for those who are eager to find out more about how companies choose strategies to obtain competitive advantage.\n"}