{"name": "Advanced Statistics for the Life Sciences", "instructor(s)": "Rafael Irizarry, Michael Love", "university": "Harvard", "provider": "edx", "start": "02/Mar/2015", "duration": "Always Available", "language": "English", "description": "\nHere we will cover the advanced techniques being used by data analysis experts in the life sciences. These methods are required to analyze some of the more complex datasets, such as those found in genomics. We will cover several topics including statistical modeling, multiple test correction, clustering, prediction methods, factor analysis and empirical Bayes methods.\u00a0We will also elaborate on the use of R markdown to conduct reproducible research.\nTopics:\nStatistical modeling\nMultiple testing\nDistance and clustering\nPrediction\nFactor analysis (batch effects)\nEmpirical Bayes (hierarchical modeling)\nThis class was supported in part by NIH grant R25GM114818.\nThis course is part of a larger set of 8 total courses:\n*\u00a0Registration open through 27 April 2015\nPH525.1x:\u00a0Statistics and R for the Life Sciences\nPH525.2x:\u00a0Introduction to Linear Models and Matrix Algebra\nPH525.3x:\u00a0Advanced Statistics for the Life Sciences\nPH525.4x:\u00a0Introduction to Bioconductor\nPH525.5x:\u00a0Case study: RNA-seq data analysis\nPH525.6x: Case study: Variant Discovery and Genotyping\nPH525.7x:\u00a0Case study: ChIP-seq data analysis\nPH525.8x:\u00a0Case study: DNA methylation data analysis\n"}