{"name": "Advanced Chemistry", "instructor(s)": "Allison Soult, Kim Woodrum", "university": "University of Kentucky", "provider": "coursera", "start": "10/Jan/2014", "duration": "8 weeks", "language": "English", "description": "\nThis course is designed to look at the topics covered in advanced high school chemistry courses, correlating to the standard topics as established by the American Chemical Society. Engaging instruction and supplemental video demonstrations are designed to help prepare students for college level chemistry.\n"}