{"name": "Advanced Matrix Theory and Linear Algebra for Engineers", "instructor(s)": "Vittal Rao", "university": "IISc Bangalore", "provider": "nptel", "start": "Always Available", "duration": "Always Available", "language": "English", "description": "\nIntroduction, Vector Spaces, Solutions of Linear Systems, Important Subspaces associated with a matrix, Orthogonality, Eigenvalues and Eigenvectors, Diagonalizable Matrices, Hermitian Matrices, General Matrices, Jordan Canonical form (Optional)*, Selected Topics in Applications (Optional)*\n"}