{"name": "Advanced Leadership for Engineers: Leading Teams, Organizations and Networks", "instructor(s)": "Hans de Bruijn, Gerdien de Vries and others", "university": "Delft", "provider": "edx", "start": "22/Mar/2017", "duration": "Always Available", "language": "English", "description": "\nThis professional education course is designed for engineers either currently holding a management position or preparing for one. If it\u2019s your ambition to become a truly, effective leader, this course taught by internationally renowned experts in the field will help you to develop the skills you need to effectively lead organizations, projects and people to successful outcomes. Why leadership for engineers? Engineers have unique mindsets that give them the potential to be highly competent business leaders. As leaders, engineers have clear advantages: they are analytical, technically skilled, project-based, good with numbers and well-used to problem-solving. However, engineers cannot rely on this skillset alone when exercising leadership in today\u2019s world. The problems business leaders are required to deal with are often unstructured and lack a single correct solution. The increasingly non-hierarchical nature of our world complicates this further. Problems have to be solved within complex networks of actors, each with their own interests and perspectives. In this business and management course you will learn how to develop and apply a new mindset for leadership \u2013 a process-based mindset - through mastering captivating concepts and engaging in challenging assignments. There are risks associated with this new type of mindset and the course will show how they can be managed effectively. An integrated approach combining elements of the more common project-based and the process-based mindsets will be presented. You will learn how to lead in an organization of autonomous knowledge workers and find the answers to questions such as: \u201cHow should you deal with information asymmetry?\u201d \u201cHow can you deal with resistance?\u201d \u201cHow to build trust with players with other interests?\u201d You will gain experience of leading groups and learn to define roles and norms as well as how to deal with group dynamics such as conflict and cooperation. Furthermore, you learn how to motivate group members to ensure successful group performance. The content of the course is diverse and includes videos, real-world assignments and practical skills such as negotiation and dealing with group issues. You will also have the opportunity to exchange cases and experiences with the course staff as well as with like-minded professionals who are also seeking to develop their leadership skills just like you.\n"}