{"name": "Advanced Instructional Strategies in the Virtual Classroom", "instructor(s)": "Laura Soule", "university": "University of California, Irvine", "provider": "coursera", "start": "28/Sep/2015", "duration": "5 weeks", "language": "English", "description": "\nThis course will expand your understanding of blended and online instruction and hone your skills in the implementation of instructional strategies. In week one we'll discuss what it means to be a virtual teacher, examine what training is available for educators, and explore what career opportunities exist today. In week two we'll focus on using data and tools effectively, as well as implementing (and perhaps creating) your curriculum. We'll then delve into key strategies for developing classroom cultures focused on collaboration, respect, and inclusiveness\n"}