{"name": "Advanced Inorganic Chemistry", "instructor(s)": "Various", "university": "NA", "provider": "saylor", "start": "Always Available", "duration": "Always Available", "language": "English", "description": "\nDetailed study of inorganic chemistry, with particular emphasis on symmetry and group theory, molecular orbital theory, nomenclature and coordination of transition metal complexes, crystal field theory, ligand field theory, electronic spectra, infrared (IR), nuclear magnetic resonance (NMR), and electron paramagnetic resonance (EPR) spectroscopies, organometallic chemistry, redox chemistry, inorganic reaction mechanisms, catalysis, and practical applications.\n"}