{"name": "Advanced Metallurgical Thermodynamics", "instructor(s)": "B.S. Murty", "university": "IIT Madras", "provider": "nptel", "start": "Always Available", "duration": "Always Available", "language": "English", "description": "\nFirst, second and third laws of thermodynamics, Maxwell's relations, Clausius-Clayperon equation. Solutions: solution models, regular, sub-regular, cluster variation models, multi-parameter models, quasi-chemical theory, statistical thermodynamics, multicomponent systems.\n"}