{"name": "Advanced Mathematical Techniques in Chemical Engineering", "instructor(s)": "S. De", "university": "IIT Kharagpur", "provider": "nptel", "start": "Always Available", "duration": "Always Available", "language": "English", "description": "\nIntroduction of vector space;Metric, Norm, Inner Product space;Examples Onto, into, one to one function, completeness of space, Vectors: Linear combination of vectors, dependent/independent vectors; Orthogonal and orthonormal vectors; Gram-Schmidt\n"}