{"name": "Advanced Clinical Proteomics", "instructor(s)": "Sanjeeva Srivastava", "university": "IIT Bombay", "provider": "nptel", "start": "Always Available", "duration": "Always Available", "language": "English", "description": "\nGenomics to Proteomics, Basics of Amino acids and Proteins, Proteins to Proteomics, Sample Preparation for Proteomic Analysis. Gel based Proteomics, Difference In Gel Electrophoresis for Quantitation of Protein Expression, Gel based Proteomic Data Analysis, 2D DIGE Clinical Applications, Protein Digestion.\n"}