{"name": "\"Adventures of Huckleberry Finn\" by Twain: BerkeleyX Book Club", "instructor(s)": "Maggie Sokolik", "university": "University of California, Berkeley", "provider": "edx", "start": "01/May/2015", "duration": "4 weeks", "language": "English", "description": "\nThis course will explore in depth Mark Twain\u2019s 1884\u00a0 novel, Huckleberry Finn, which has an important place in American literature and history. This novel is among the first in major\u00a0American literature\u00a0to be written in\u00a0dialect, characterized by regional Southern English. While this makes the writing difficult to understand at first, it also gives us a window into the language of the time.\nThe story is noted for its colorful descriptions of people and places along the\u00a0Mississippi River. Set in the American South after the Civil War, this book features a society that has ceased to exist about twenty years prior. The Adventures of Huckleberry Finn\u00a0is often described as a satire\u00a0on deep-rooted attitudes, particularly racism, in the South.\n\u00a0\nParticipants in this course will read, discuss, and write about the text and its influence. As in most book clubs, the focus will be on lively discussion. Course materials will include background information for understanding the text, as well as vocabulary and language support. Assessment will include quizzes and short writing assignments.\n\u00a0\nThis is the second part of the BerkeleyX Book Club offerings.\n"}