{"name": "African-American Literature", "instructor(s)": "Various", "university": "NA", "provider": "saylor", "start": "Always Available", "duration": "Always Available", "language": "English", "description": "\nExamination of the development of African American literature, through a focus on the topics of Oral Traditions, The Literature of Slavery, Reconstruction to the New Negro Renaissance Movement, Harlem Renaissance, Realism, Naturalism, and Modernism, Black Arts, and the Contemporary Period.\n"}