{"name": "African Politics", "instructor(s)": "Various", "university": "NA", "provider": "saylor", "start": "Always Available", "duration": "Always Available", "language": "English", "description": "\nIntroductory study of African politics placed within the context of the country\u2019s recent history. Examines the internal workings and challenges of African states, including their movements towards democratization, economic statuses, the connections between governmental and non-governmental institutions/organizations.\n"}