{"name": "Age of Jefferson", "instructor(s)": "Peter S. Onuf", "university": "University of Virginia", "provider": "coursera", "start": "01/Mar/2014", "duration": "12 weeks", "language": "English", "description": "\nThis is a six week course providing an overview of Thomas Jefferson's work and perspectives presented by the University of Virginia in partnership with Thomas Jefferson\u2019s Monticello. Together, UVA and Monticello are recognized internationally as a UNESCO World Heritage Site.\n"}