{"name": "AIDS", "instructor(s)": "Kimberley Sessions Hagen", "university": "Emory University", "provider": "coursera", "start": "25/Feb/2013", "duration": "9 weeks", "language": "English", "description": "\nThis course will discuss HIV/AIDS in the US and around the world including its history, science, and culture as well as recent developments in prevention education, biomedical research, vaccine development, HIV testing, and current treatments. The course will also include a review of past, present, and potential future controversies surrounding HIV/AIDS.\n"}