{"name": "Alcohol, Drugs, and Baby Boomers: Are you ready?", "instructor(s)": "Christine Savage, Deborah Finnell", "university": "Johns Hopkins University", "provider": "coursera", "start": "18/Aug/2014", "duration": "5 weeks", "language": "English", "description": "\nAs the baby boomer generation ages, the impacts of alcohol and drug use among this generation will become an increasingly important public health issue. This 5-week course will provide primary care givers and health care providers with an overview of this looming issue and provide strategies for the prevention and reduction of substance use associated harm.\n"}