{"name": "Algebraic Topology", "instructor(s)": "G.K. Srinivasan", "university": "IIT Bombay", "provider": "nptel", "start": "Always Available", "duration": "Always Available", "language": "English", "description": "\nThis is a basic course in algebraic topology where we introduce the notion of fundamental groups, covering spaces, methods for computing fundamental groups using Seifert Van Kampen theorem and some applications such as the Brouwer\u2019s fixed point theorem, Borsuk Ulam theorem, fundamental theorem of algebra. We discuss some classical groups and their fundamental groups.\n"}