{"name": "Algorithms: Design and Analysis, Part 2", "instructor(s)": "Tim Roughgarden", "university": "Stanford University", "provider": "coursera", "start": "16/Mar/2015", "duration": "6 weeks", "language": "English", "description": "\nIn this course you will learn several fundamental principles of advanced algorithm design: greedy algorithms and applications, dynamic programming and applications, NP-completeness and what it means for the algorithm designer, the design and analysis of heuristics, and more.\n"}