{"name": "Algorithmic Thinking", "instructor(s)": "Luay Nakhleh, Scott Rixner and others", "university": "Rice University", "provider": "coursera", "start": "22/Jul/2015", "duration": "8 weeks", "language": "English", "description": "\nExperienced Computer Scientists analyze and solve computational problems at a level of abstraction that is beyond that of any particular programming language. This class is designed to train students in the mathematical concepts and process of \"Algorithmic Thinking\", allowing them to build simpler, more efficient solutions to computational problems.\n"}