{"name": "Algorithms, Biology, and Programming for Beginners", "instructor(s)": "Pavel Pevzner, Phillip Compeau", "university": "UC San Diego", "provider": "coursera", "start": "15/Nov/2015", "duration": "8 weeks", "language": "English", "description": "\nThis course will cover algorithms for solving various biological problems along with a handful of programming challenges testing your ability to implement these algorithms. It offers a gentler-paced alternative to the instructors' two other courses, Bioinformatics Algorithms (Part 1 and Part 2).\n"}