{"name": "Algorithms for DNA Sequencing", "instructor(s)": "Ben Langmead, Jacob Pritt", "university": "Johns Hopkins University", "provider": "coursera", "start": "Always Available", "duration": "Always Available", "language": "English", "description": "\nWe will learn computational methods -- algorithms and data structures -- for analyzing DNA sequencing data. We will learn a little about DNA, genomics, and how DNA sequencing is used. We will use Python to implement key algorithms and data structures and to analyze real genomes and DNA sequencing datasets.\n"}