{"name": "Algorithmic Thinking (Part 1)", "instructor(s)": "Luay Nakhleh, Scott Rixner and others", "university": "Rice University", "provider": "coursera", "start": "Always Available", "duration": "4 weeks", "language": "English", "description": "\nExperienced Computer Scientists analyze and solve computational problems at a level of abstraction that is beyond that of any particular programming language. This two-part class is designed to train students in the mathematical concepts and process of \"Algorithmic Thinking\", allowing them to build simpler, more efficient solutions to computational problems.\n"}