{"name": "Algorithms, Part I", "instructor(s)": "Robert Sedgewick, Kevin Wayne", "university": "Princeton University", "provider": "coursera", "start": "04/Sep/2015", "duration": "6 weeks", "language": "English", "description": "\nThis course covers the essential information that every serious programmer needs to know about algorithms and data structures, with emphasis on applications and scientific performance analysis of Java implementations. Part I covers basic iterable data types, sorting, and searching algorithms.\n"}