{"name": "Alien Worlds: The Science of Exoplanet Discovery and Characterization", "instructor(s)": "Andrew West, Sadia Hoq and others", "university": "Boston University", "provider": "edx", "start": "31/Oct/2014", "duration": "Always Available", "language": "English", "description": "\nHave you ever wondered about planets in other solar systems? Have you ever thought about the possibility of life elsewhere in the Universe? For the first time in human history, we know that planets around other stars not only exist, but are common!\nAlien Worlds focuses on the search and characterization of planets orbiting other stars (called extrasolar planets or \"exoplanets\"\u0165). Over the course of nine modules, we will learn some of the techniques used to discover the thousands of known exoplanets and will discuss how we can use basic scientific tools to characterize the sizes, masses, compositions, and atmospheres of exoplanets. We will also learn about the diversity of stars in the Galaxy to understand how stellar properties affect exoplanet detection techniques and influence planetary formation and habitability.\nIn addition to the exploration of exoplanets, students in Alien Worlds will gain a basic understanding of light, gravity and motion, and be introduced to some of the most extreme life on planet Earth. We will hear from experts at the forefront of exoplanet science and interact with other participants and instructors through social media and online tools. Students will leave Alien Worlds with a better understanding of their place in the Universe and the skills to comprehend the wealth of new discoveries surrounding the countless worlds around distant stars.\n"}