{"name": "American Education Reform: History, Policy, Practice", "instructor(s)": "Michael Johanek", "university": "University of Pennsylvania", "provider": "coursera", "start": "Always Available", "duration": "8 weeks", "language": "English", "description": "\nDiscover what shapes how we talk about schools today by exploring the history of U.S. education reform. Engage with the main actors, key decisions, and major turning points in this history. See how social forces drive reform. Learn about how the critical tensions embedded in U.S. education policy and practice apply to schools nationally, globally\u201e and where you live.\n"}