{"name": "American Political Thought", "instructor(s)": "Various", "university": "NA", "provider": "saylor", "start": "Always Available", "duration": "Always Available", "language": "English", "description": "\nExploration of the theories that have shaped American political thought from the colonial era to the 1960s utilizing the original texts and speeches of its most influential thinkers. Topics include: individualism, capitalism, industrialism, slavery, equality, social progressivism, and the civil rights movement.\n"}