{"name": "America's Written Constitution", "instructor(s)": "Akhil Amar", "university": "Yale University", "provider": "coursera", "start": "20/Oct/2014", "duration": "6 weeks", "language": "English", "description": "\nThis course is designed to introduce you to one of the most important texts in human history\u2014the United States Constitution. Why and how did this document come into existence in the 1780s? How and why has it been amended over the years? Who decides what it means? What are the ground rules for proper constitutional interpretation?\n"}