{"name": "America Through Foreign Eyes", "instructor(s)": "Julie Fette, Anne Chao and others", "university": "Rice University", "provider": "coursera", "start": "Always Available", "duration": "Always Available", "language": "English", "description": "\nWhat do foreigners think of the United States? Foreign observers and travelers are rarely indifferent to American culture and people. This course examines historical and contemporary views of America held by Chinese, Mexican, French, and multiple African nationals. Join us to examine the multiple perspectives of America through foreign eyes.\n"}