{"name": "American Capitalism: A History", "instructor(s)": "Edward E. Baptist, Louis Hyman", "university": "Cornell", "provider": "edx", "start": "21/Oct/2014", "duration": "Always Available", "language": "English", "description": "\nPerhaps no story is as essential to get right as the history of capitalism. Nearly all of our theories about promoting progress come from how we interpret the economic changes of the last 500 years. This past decade\u2019s crises continue to remind us just how much capitalism changes, even as its basic features\u2014wage labor, financial markets, private property, entrepreneurs\u2014endure. While capitalism has a global history, the United States plays a special role in that story. This course will help you to understand how the United States became the world\u2019s leading economic power, revealing essential lessons about what has been and what will be possible in capitalism\u2019s on-going revolution. \u00a0\n"}