{"name": "An Introduction to Population Health", "instructor(s)": "Aneez Esmail, Katie Reed", "university": "University of Manchester", "provider": "coursera", "start": "13/Apr/2015", "duration": "5 weeks", "language": "English", "description": "\nThis MOOC is aimed at anyone wishing to understand the basics of population health. Our aim is to prompt any participant to reconsider the decisions they make about their own health or the health of others (if they are taking the course as a health professional).\n"}