{"name": "An Introduction to Credit Risk Management", "instructor(s)": "Pasquale Cirillo", "university": "Delft", "provider": "edx", "start": "14/Apr/2015", "duration": "8 weeks", "language": "English", "description": "\nYou are a bank and a big part of your daily business is to lend money. Unfortunately for you, lending money is definitely a risky activity: there is no 100% guarantee that you will get all your money back. For example you may expect losses in your portfolio because of the default of your counterpart. Or, in a less extreme situation, the credit quality of your counterpart may deteriorate according to some rating system, so that your loan becomes more and more risky. These are typical situations in which credit risk manifests itself. According to the Basel Agreements, credit risk is one of the three fundamental risks, together with market risk and operational risk, a bank (or another regulated financial institution) has to face when operating on the markets. As the 2008 financial crisis has shown us, a correct understanding of credit risk and the ability to cope with it are fundamental in the world of today. The aim of this course is to provide an introduction to credit risk modeling and hedging. At the end of the course, the students will be able to understand and correctly use the basic tools of credit risk management, both from a theoretical and, most of all, a practical point of view. This will be a quite unconventional course.\n"}