{"name": "An Introduction to Riemann Surfaces and Algebraic Curves: Complex 1-Tori and Elliptic Curves", "instructor(s)": "T.E. Venkata Balaji", "university": "IIT Madras", "provider": "nptel", "start": "Always Available", "duration": "Always Available", "language": "English", "description": "\nThe subject of algebraic curves (equivalently compact Riemann surfaces) has its origins going back to the work of Riemann, Abel, Jacobi, Noether, Weierstrass, Clifford and Teichmueller. It continues to be a source for several hot areas of current research. Its development requires ideas from diverse areas such as analysis, PDE, complex and real differential geometry, algebra---especially commutative algebra and Galois theory, homological algebra, number theory, topology and manifold theory.\n"}