{"name": "An Introduction to Consumer Neuroscience & Neuromarketing", "instructor(s)": "Various", "university": "Copenhagen Business School", "provider": "coursera", "start": "10/Nov/2014", "duration": "7 weeks", "language": "English", "description": "\nThis course will introduce you to the multidisciplinary field of consumer neuroscience and neuromarketing. It will go through to the basic concepts of the human brain, the elements of the consumer mind, how it is studied, and how its insights can be applied in commercial and societal understandings of consumer behaviour.\n"}