{"name": "An Introduction to Electronics Systems Packaging", "instructor(s)": "G.V. Mahesh", "university": "IISc Bangalore", "provider": "nptel", "start": "Always Available", "duration": "Always Available", "language": "English", "description": "\nThe objective of this course is to sensitize the undergraduate students and graduate students to the all-important multidisciplinary area of electronics systems packaging.The course will discuss all the important facets of packaging at three major levels, namely, chip level, board level and system level.\n"}