{"name": "An Introduction to Evidence-Based Undergraduate STEM Teaching", "instructor(s)": "Derek Bruff, Trina McMahon and others", "university": "Boston University", "provider": "edx", "start": "30/Jan/2017", "duration": "Always Available", "language": "English", "description": "\nThis course is designed to provide future STEM faculty, graduate students and post-doctoral fellows with an introduction to effective teaching strategies and the research that supports them. The goal of the eight-week course is to equip the next generation of STEM faculty to be effective teachers, thus improving the learning experience for the thousands of students they will teach. The course draws on the expertise of experienced STEM faculty, educational researchers, and staff from university teaching centers, many of them affiliated with the Center for the Integration of Research, Teaching, and Learning (CIRTL), a network of research universities collaborating in the preparation of STEM graduate students and post-docs as future faculty members.\n"}