{"name": "An Introduction to Financial Accounting", "instructor(s)": "Brian J Bushee", "university": "University of Pennsylvania", "provider": "coursera", "start": "02/Sep/2014", "duration": "10 weeks", "language": "English", "description": "\nThis course will improve your fluency in financial accounting, the language of business. You will learn how to read, understand, and analyze most of the information provided by companies in their financial Statsements. These skills will help you make more informed decisions using financial information.\n"}