{"name": "An Introduction to Functional Analysis", "instructor(s)": "John Cagnol, Anna Rozanova-Pierrat", "university": "\u00c9cole Centrale Paris", "provider": "coursera", "start": "12/Sep/2014", "duration": "6 weeks", "language": "English", "description": "\nFunctional analysis is the branch of mathematics dealing with spaces of functions. It is a valuable tool in theoretical mathematics as well as engineering. It is at the very core of numerical simulation. In this class, I will explain the concepts of convergence and talk about topology. You will understand the difference between strong convergence and weak convergence. You will also see how these two concepts can be used.\n"}