{"name": "An Introduction to Operations Management", "instructor(s)": "Christian Terwiesch", "university": "University of Pennsylvania", "provider": "coursera", "start": "19/Jan/2015", "duration": "6 weeks", "language": "English", "description": "\nThis course will teach you how to analyze and improve business processes, be it in services or in manufacturing. You will learn how to improve productivity, how to provide more choice to customers, how to reduce response times, and how to improve quality.\n"}