{"name": "An Introduction to Global Health", "instructor(s)": "Flemming Konradsen", "university": "University of Copenhagen", "provider": "coursera", "start": "01/Dec/2015", "duration": "7 weeks", "language": "English", "description": "\nThis course will provide you with an overview of the most important health challenges facing the world today. You will gain insight into how challenges have changed over time, we will discuss the likely determinants of such changes and examine future projections. Successful international strategies and programs promoting human health will be highlighted and global health governance structures will be mapped and the role of the key actors explored.\n"}