{"name": "Analysis of a Complex Kind", "instructor(s)": "Petra Bonfert-Taylor", "university": "Wesleyan University", "provider": "coursera", "start": "Always Available", "duration": "6 weeks", "language": "English", "description": "\nComplex analysis is the study of functions that live in the complex plane, i.e. functions that have complex arguments and complex outputs. In order to study the behavior of such functions we\u2019ll need to first understand the basic objects involved, namely the complex numbers. We\u2019ll begin with some history: When and why were complex numbers invented? Was it the need for a solution of the equation x^2 = -1 that brought the field of complex analysis into being, or were there other reasons? Once we\u2019ve answered these questions we\u2019ll devote some time to learn about basic properties of complex numbers that will make it possible for us to use them in more advanced settings later on.\n"}