{"name": "Analytical Chemistry", "instructor(s)": "Various", "university": "NA", "provider": "saylor", "start": "Always Available", "duration": "Always Available", "language": "English", "description": "\nDetailed survey of the analytical theories and methods of qualitative and quantitative analysis. Explores gravimetric analysis, titrations, ultraviolet-visible (UV-Vis), infrared (IR), and nuclear magnetic resonance (NMR) spectroscopies, atomic absorption and emission, fluorescence and phosphorescence, chromatographic methods, including, column chromatography, gas chromatography (GC), and high pressure liquid chromatography (HPLC), electrophoresis, electrochemical analysis techniques.\n"}