{"name": "Analysis of Algorithms", "instructor(s)": "Robert Sedgewick", "university": "Princeton University", "provider": "coursera", "start": "11/Sep/2015", "duration": "6 weeks", "language": "English", "description": "\nThis course teaches a calculus that enables precise quantitative predictions of large combinatorial structures. In addition, this course covers generating functions and real asymptotics and then introduces the symbolic method in the context of applications in the analysis of algorithms and basic structures such as permutations, trees, strings, words, and mappings.\n"}