{"name": "Analytic Combinatorics", "instructor(s)": "Robert Sedgewick", "university": "Princeton University", "provider": "coursera", "start": "06/Nov/2015", "duration": "6 weeks", "language": "English", "description": "\nAnalytic Combinatorics teaches a calculus that enables precise quantitative predictions of large combinatorial structures. This course introduces the symbolic method to derive functional relations among ordinary, exponential, and multivariate generating functions, and methods in complex analysis for deriving accurate asymptotics from the GF equations.\n"}