{"name": "Analytics for the Classroom Teacher", "instructor(s)": "Demetrios Sampson", "university": "Cornell", "provider": "edx", "start": "24/Oct/2016", "duration": "Always Available", "language": "English", "description": "\nDo you want to be more reflective in your teaching practice and wonder if there are technologies that can help? Are you curious about how data-driven, evidence-based teaching practices can improve your students\u2019 learning? This is the course for you! Analytics for the Classroom Teacher is an introduction to the emerging field of teaching and learning analytics from the perspective of a classroom teacher. Experts from all over the world will provide an overview of the current state-of-the-art in teaching and learning analytics. You\u2019ll learn how teachers, curriculum developers and policy makers are collecting and analysing data from the classroom to help guide decisions at all levels. The course will then focus on the school teacher, and how data analytics can help you to make improvements in your classroom. You\u2019ll learn to use analytics to improve your lesson plans and your delivery of those plans, and discover more about your students' learning. No previous knowledge in data-driven instruction, teaching and learning analytics is needed. Join us and a large community of innovative teachers from around the globe and become a pioneer of teaching and learning analytics in your school.\n"}