{"name": "AnatomyX: Musculoskeletal Cases", "instructor(s)": "Trudy Van Houten, Michael Parker and others", "university": "Harvard", "provider": "edx", "start": "30/Sep/2014", "duration": "8 weeks", "language": "English", "description": "\nMusculoskeletal AnatomyX invites students to join basic science and clinical faculty at Harvard Medical School (HMS) to learn about several musculoskeletal injuries commonly seen in clinical practice.\nFor each case, students visit the HMS Clinical Skills Center to observe the initial patient encounter and physical examination by an orthopedic surgeon. Following the patient encounter, students complete the interactive gross anatomy, histology and radiology learning sessions essential for understanding the case. The anatomy learning sessions include observing actual dissections in the Harvard Medical School anatomy laboratories revealing and explaining the human anatomy relevant for each clinical case.\nAfter completing the case learning sessions, students review pertinent radiology images, commit to a tentative diagnosis from a list of differential diagnoses, and accompany the patient to a virtual operating room to observe the surgical treatment.\u00a0 In the virtual operating room, students observe narrated videos of actual surgical procedures.\nClinical content for each case is developed in close collaboration with leading orthopedic surgeons and radiologists at Brigham and Women's Hospital.\nThis course will contain videos, photographs, and other content, including anatomical images and videos showing cadaver dissection, that some people may find offensive, disturbing or inappropriate.\n"}