{"name": "Android Capstone Project", "instructor(s)": "Adam Porter, Douglas Schmidt and others", "university": "University of Maryland, College Park", "provider": "coursera", "start": "05/Oct/2014", "duration": "5 weeks", "language": "English", "description": "\nThis Capstone MOOC gives Signature Track students who passed all previous MOOCs in the MoCCA Specialization \"with Distinction\" an opportunity to integrate and demonstrate the knowledge they've acquired across the three earlier content area MOOCs.\n"}