{"name": "Animal Behaviour and Welfare", "instructor(s)": "Natalie Waran, Fritha Langford and others", "university": "The University of Edinburgh", "provider": "coursera", "start": "09/Feb/2015", "duration": "Always Available", "language": "English", "description": "\nAnimal welfare has been described as a complex, multi-faceted public policy issue which includes important scientific, ethical, and other dimensions. Improving our understanding of animal welfare, involves the fascinating study of animal behavior as well as the challenge of accessing the emotions of animals.\n"}