{"name": "Anthropology of Current World Issues", "instructor(s)": "Gerhard Hoffstaedter, David Trigger and others", "university": "The University of Queensland", "provider": "edx", "start": "01/Sep/2014", "duration": "Always Available", "language": "English", "description": "\nThis course will allow you to better understand the world around you through utilising the anthropological lens. You will learn about the way in which anthropology as a discipline can shed new perspectives on current world issues, from indigeneity to migration and material culture.\nWe want to challenge you to reflect on your own perspective when thinking about these issues, how you see the world and how we all engage with difference and sameness on a daily basis.\nWe will interview notable anthropologists and follow some around the world and into their field to explore the issues, the people they work with and their place in the world.\n"}