{"name": "Antimicrobial Stewardship: Optimization of Antibiotic Practices", "instructor(s)": "Stan Deresinski", "university": "Stanford University", "provider": "coursera", "start": "22/Nov/2013", "duration": "105 weeks", "language": "English", "description": "\nThis course will offer a practical approach to prescribing antibiotic therapy and development of antimicrobial stewardship across all specialties and settings. Antibiotics are among the most frequently prescribed classes of drugs and it is estimated that approximately 50% of antibiotic use, in both the outpatient and inpatient settings, is inappropriate.\n"}