{"name": "AP\u00ae Biology - Part 3: Evolution and Diversity", "instructor(s)": "Kara Burrous", "university": "Rice", "provider": "edx", "start": "12/Jan/2016", "duration": "6 weeks", "language": "English", "description": "\nPreparing for the AP Biology exam requires a deep understanding of many different topics in biology as well as an understanding of the format of the AP exam and the types of questions it asks.\u00a0 This course is Part 3 of our AP Biology series designed to prepare you for the AP Biology exam.\u00a0\n"}