{"name": "AP\u00ae Biology - Part 5: Review and Exam Preparation", "instructor(s)": "Kara Burrous, Lee Ferguson", "university": "Rice", "provider": "edx", "start": "05/Apr/2016", "duration": "4 weeks", "language": "English", "description": "\nPreparing for the AP Biology exam requires a deep understanding of many different topics in biology as well as an understanding of the format of the AP exam and the types of questions it asks. This course is Part 5 of our AP Biology series, designed to help you prepare for the AP Biology exam.\u00a0\n"}