{"name": "AP\u00ae Calculus: Challenging Concepts from Calculus AB & Calculus BC", "instructor(s)": "Stephen Davis, Ben Klein", "university": "Davidson Next", "provider": "edx", "start": "11/Aug/2016", "duration": "Always Available", "language": "English", "description": "\nWell-respected AP instructors from around the United States will lead you through video instruction, exam-style questions and interactive activities to help you master the most challenging concepts in the AP\u00ae Calculus AB & Calculus BC curriculum. Each module will cover one of the most demanding concepts in this AP\u00ae Calculus AB & Calculus BC (based on College Board data from 2011\u20132013 Advanced Placement\u00ae exams). These tricky topics are broken up into bite-sized pieces\u2014with short instructional videos, interactive graphs, and practice problems written by many of the same people who write and grade your AP\u00ae Calculus exams. Topics include: AB/BC: Limits AB/BC: Definition of Derivative AB/BC: Chain Rule AB/BC: Implicit Differentiation AB/BC: Mean Value Theorem AB/BC: L\u2019Hospital\u2019s Rule AB/BC: Riemann Sums AB/BC: Functions Defined by Definite Integrals AB/BC: Modeling & Solving Differential Equations (1) AB/BC: Modeling & Solving Differential Equations (2) AB/BC: Rectilinear Motion BC: Parametric Equations BC: Introduction to Series BC: Series Convergence BC: Series Manipulation This course is specifically designed for blended learning in AP classrooms, but can also be used by AP students independently as supplementary help and exam review. *Advanced Placement\u00ae and AP\u00ae are trademarks registered and/or owned by the College Board, which was not involved in the production of, and does not endorse, these offerings.\n"}