{"name": "AP\u00ae Calculus BC", "instructor(s)": "Jane Wortman, Stephen Davis and others", "university": "Davidson Next", "provider": "edx", "start": "12/Aug/2016", "duration": "Always Available", "language": "English", "description": "\nIn this calculus course, you will learn all the Calculus BC topics that are not part of the AP\u00ae Calculus AB curriculum by engaging with video instruction, exam-style questions and interactive activities. Each topic is broken up into bite-sized pieces\u2014with short instructional videos, interactive graphs, and practice problems written by many of the same people who write and grade your AP\u00ae Calculus exams. Topics include: L\u2019Hospital\u2019s Rule Parametric Equations Introduction to Series Series Convergence Series Manipulation Arclength Euler\u2019s Method Improper Integrals Integration Techniques: Partial Fractions Integration Techniques: Integration by Parts The Calculus of Polar Functions This course is specifically designed for students who have already taken (or are currently enrolled in) Calculus AB. This course combined with a traditional Calculus AB course will prepare students to take the Calculus BC exam. *Advanced Placement\u00ae and AP\u00ae are trademarks registered and/or owned by the College Board, which was not involved in the production of, and does not endorse, these offerings.\n"}