{"name": "AP\u00ae Macroeconomics: Challenging Concepts", "instructor(s)": "Dr. Clark Ross, Sally Meek", "university": "Davidson Next", "provider": "edx", "start": "11/Aug/2016", "duration": "Always Available", "language": "English", "description": "\nLearn the most difficult concepts in the AP\u00ae Macroeconomics course, roughly 60% of the AP exam material, from top AP instructors. Each module will cover one of the most demanding concepts in the AP\u00ae Macroeconomics course (based on College Board data from 2011\u20132013 Advanced Placement\u00ae exams). These tricky topics are broken into bite-sized pieces\u2014with short instructional videos, interactive graphs, and practice problems written by many of the same people who write and grade your AP\u00ae Macroeconomics exam. NEW in 2016: Automated assessment of free-response questions from \u00e9cree.com Topics include: Nominal & Real Values Classical & Keynesian Models Aggregate Demand Aggregate Supply Short-Run Macroeconomic Equilibrium Moving to Long-Run Equilibrium Economic Growth 8. Fiscal Policy Money & the Money Market Money Creation Monetary Policy Loanable Funds Phillips Curve Foreign Exchange Markets This course is specifically designed for blended learning in AP classrooms, but can also be used by AP students independently as supplementary help and exam review. * Advanced Placement\u00ae and AP\u00ae are trademarks registered and/or owned by the College Board, which was not involved in the production of, and does not endorse, these offerings.\n"}