{"name": "AP\u00ae Macroeconomics", "instructor(s)": "Dr. Clark Ross, Sally Meek", "university": "Davidson Next", "provider": "edx", "start": "11/Aug/2016", "duration": "Always Available", "language": "English", "description": "\nLearn key concepts and AP\u00ae Macroeconomics material from top AP instructors, including many of the same high school teachers and college faculty who helped design the AP curriculum in partnership with the College Board. Each module will cover a major concept in the AP\u00ae Macroeconomics course, based on Advanced Placement\u00ae standards. All topics are broken into bite-sized pieces\u2014with short instructional videos, interactive graphs, and practice problems. Throughout the 18 core modules, you will also find more than 30 short videos. Each one is placed at a critical juncture \u2013 ensuring you don\u2019t miss important ideas, definitions and concepts. NEW in 2016: Automated assessment of free-response questions from \u00e9cree.com Topics include: Basic Macroeconomics Concepts Supply & Demand Measures of Economic Performance Nominal & Real Values Classical & Keynesian Models Aggregate Demand Aggregate Supply Short-Run Macroeconomic Equilibrium Moving to Long-Run Equilibrium Economic Growth Fiscal Policy Money & the Money Market Money Creation Monetary Policy Loanable Funds Phillips Curve Comparative Advantage & Trade Foreign Exchange Markets This course is specifically designed for blended learning in AP classrooms, but can also be used by AP students independently as supplementary help and exam review. * Advanced Placement\u00ae and AP\u00ae are trademarks registered and/or owned by the College Board, which was not involved in the production of, and does not endorse, these offerings.\n"}