{"name": "AP\u00ae Psychology - Course 3: How the Mind Works", "instructor(s)": "Steven J. Barnes", "university": "The University of British Columbia", "provider": "edx", "start": "15/Nov/2016", "duration": "Always Available", "language": "English", "description": "\nIn this psychology course, you will learn about the mind and the psychology of learning, including coverage of classical conditioning, operant conditioning, and social learning. We will look at the psychology and neuroscience of cognition \u2014 including memory, thinking and reasoning. The course will conclude with the coverage of language. This course includes video-based lectures and demonstrations, interviews with real research psychologists and a plethora of practice questions to help prepare you for that AP\u00ae Psychology exam. This is the third in our six-course AP\u00ae Psychology sequence designed to prepare you for the AP\u00ae Psychology exam. AP\u00ae Psychology - Course 1: What is Psychology AP\u00ae Psychology - Course 2: How the Brain Works AP\u00ae Psychology - Course 4: How Behavior Works AP\u00ae Psychology - Course 5: Health and Behavior AP\u00ae Psychology - Course 6: Exam Preparation & Review\n"}