{"name": "AP\u00ae Psychology - Course 5: Health and Behavior", "instructor(s)": "Steven J. Barnes", "university": "The University of British Columbia", "provider": "edx", "start": "07/Feb/2017", "duration": "Always Available", "language": "English", "description": "\nThis psychology course is all about the relationship between health and behavior. We will examine stress as a concept and learn about its relation to health and psychological adjustment. We will discuss abnormal behavior and how psychologists assess it as well as a wide range of psychological disorders and approaches to their treatment. This course includes video-based lectures and demonstrations, interviews with real research psychologists and a plethora of practice questions to help prepare you for the AP\u00ae Psychology exam. This is the fifth in a six-course AP\u00ae Psychology sequencethat is designed to prepare you for the AP\u00ae Psychology exam. Additional Courses: AP\u00ae Psychology - Course 1: What is Psychology? AP\u00ae Psychology - Course 2: How the Brain Works AP\u00ae Psychology - Course 3: How the Mind Works AP\u00ae Psychology - Course 4: How Behavior Works AP\u00ae Psychology - Course 6: Exam Preparation & Review\n"}