{"name": "AP\u00ae Psychology - Course 4: How Behavior Works", "instructor(s)": "Steven J. Barnes", "university": "The University of British Columbia", "provider": "edx", "start": "03/Jan/2017", "duration": "Always Available", "language": "English", "description": "\nThis psychology course is all about how behavior works. You will learn the theories of motivation, hunger, eating, the obesity epidemic, and sexual behavior. We will also examine theories of emotion and observe how developmental psychologists study phenomena across a lifespan. We will explore cognitive development, the history of intelligence and testing, and the relationship between creativity and mental illness. The course concludes with in-depth coverage of the fields of personality psychology and social psychology. This course includes video-based lectures and demonstrations, interviews with real research psychologists and a plethora of practice questions to help prepare you for that AP\u00ae Psychology exam. This is the fourth in a six-course AP\u00ae Psychology sequence designed to prepare you for the AP\u00ae Psychology exam. Additional Courses: AP\u00ae Psychology - Course 1: What is Psychology AP\u00ae Psychology - Course 2: How the Brain Works AP\u00ae Psychology - Course 3: How the Mind Works AP\u00ae Psychology - Course 5: Health and Behavior AP\u00ae Psychology - Course 6: Exam Preparation & Review\n"}