{"name": "AP\u00ae Psychology - Course 2: How the Brain Works", "instructor(s)": "Steven J. Barnes", "university": "The University of British Columbia", "provider": "edx", "start": "11/Oct/2016", "duration": "Always Available", "language": "English", "description": "\nThis psychology course will show you how the brain works. You will learn the basics of neuroscience, genetics and evolutionary psychology. We will also cover the visual system and other sensory systems. The course concludes with coverage of the variety of states of consciousness. This course includes video-based lectures and demonstrations, interviews with real research psychologists and a plethora of practice questions to help prepare you for that AP\u00ae Psychology exam. This is the second in a six-course AP\u00ae Psychology sequence designed to prepare you for the AP\u00ae Psychology exam. Additional Courses: AP\u00ae Psychology - Course 1: What is Psychology AP\u00ae Psychology - Course 3: How the Mind Works AP\u00ae Psychology - Course 4: How Behavior Works AP\u00ae Psychology - Course 5: Health and Behavior AP\u00ae Psychology - Course 6: Exam Preparation & Review\n"}