{"name": "AP\u00ae Psychology - Course 6: Exam Preparation & Review", "instructor(s)": "Steven J. Barnes", "university": "The University of British Columbia", "provider": "edx", "start": "07/Mar/2017", "duration": "Always Available", "language": "English", "description": "\nThis course will help you prepare for and improve your performance on the AP\u00ae Psychology exam. It includes a review of evidence-based study strategies, an overview of the structure of the AP\u00ae Psychology exam, and many strategies for how to do well on the AP\u00ae Psychology exam. This course includes video-based lectures and demonstrations, interviews with real research psychologists and a plethora of practice questions. This is the sixth in a six-course AP\u00ae Psychology sequence designed to prepare you for the AP\u00ae Psychology exam. Additional Courses: AP\u00ae Psychology - Course 1: What is Psychology? AP\u00ae Psychology - Course 2: How the Brain Works AP\u00ae Psychology - Course 3: How the Mind Works AP\u00ae Psychology - Course 4: How Behavior Works AP\u00ae Psychology - Course 5: Health and Behavior\n"}