{"name": "AP\u00ae\u00a0Physics 2: Challenging Concepts", "instructor(s)": "Larry Cain, Peggy Bertrand and others", "university": "Davidson Next", "provider": "edx", "start": "05/Aug/2016", "duration": "Always Available", "language": "English", "description": "\nThis course covers 9 challenging topics in AP\u00ae Physics 2. Well-respected AP instructors from around the USA will lead you through video, assessment questions, and interactive activities. Each module breaks these tricky topics into bite-sized pieces\u2014with short instructional videos, on-screen simulations, interactive graphs, and practice problems written by many of the same people who write and grade your AP\u00ae Physics 2 exam. Topics include: Electrostatic Fields Gravitational and Electric Potentials Electromagnetic Induction Capacitance Thermodynamics Pressure, Force & Flow in Fluids Mirrors & Lenses Diffraction & Interference Atomic Transitions * Advanced Placement\u00ae and AP\u00ae are trademarks registered and/or owned by the College Board, which was not involved in the production of, and does not endorse, these offerings. Stand-alone units cover the most challenging concepts in the newly redesigned AP\u00ae Physics 2 curricula (based on College Board data from 2011\u20132013 AP\u00ae Physics B exams).\n"}