{"name": "Applied Multivariate Analysis", "instructor(s)": "Sharmishtha Mitra, Amit Mitra", "university": "IIT Kanpur", "provider": "nptel", "start": "Always Available", "duration": "Always Available", "language": "English", "description": "\nMultivariate analysis is a fundamental concept in applied statistics. In this course, we shall first look at basic concepts of multivariate distributions and study standard multivariate distributions which provide multivariate counterparts of the univariate distributions.\n"}