{"name": "Applications of Linear Algebra Part 2", "instructor(s)": "Tim Chartier, Allison Dulin and others", "university": "Davidson", "provider": "edx", "start": "06/Apr/2015", "duration": "4 weeks", "language": "English", "description": "\nOur world is in a data deluge with ever increasing sizes of datasets.\u00a0 Linear algebra is a tool to manage and analyze such data.\nThis course is part 2 of a 2-part course, with this part extending\u00a0smoothly from the first. \u00a0Note, however, that part 1, is not a prerequisite for part 2. In this part of the course, we'll develop the linear algebra more fully than part 1.\u00a0This class has a focus on data mining with some applications of computer graphics. \u00a0We'll discuss, in further depth than part 1, sports ranking and ways to rate teams from thousands of games. We\u2019ll apply the methods to March Madness. \u00a0We'll also learn methods behind web search, utilized by such companies as Google. \u00a0We'll also learn to cluster data to find similar groups and also how to compress images to lower the amount of storage used to store them.\u00a0 The tools that we learn can be applied to applications of your interest.\u00a0 For instance, clustering data to find similar movies can be applied to find similar songs or friends. So, come to this course ready to investigate your own ideas. \u00a0\n"}