{"name": "Applying Principles of Behavior in the K-12 Classroom", "instructor(s)": "Andria T Young", "university": "University of Houston System", "provider": "coursera", "start": "20/Jun/2014", "duration": "6 weeks", "language": "English", "description": "\nIn this class you will learn how to conduct a functional behavior assessment (FBA) and apply principles of behavior in the public school classroom in order to promote positive classroom behavior and intervene effectively when faced with challenging behavior.\n"}