{"name": "Applications of Linear Algebra Part 1", "instructor(s)": "Tim Chartier, Allison Dulin and others", "university": "Davidson", "provider": "edx", "start": "23/Feb/2015", "duration": "5 weeks", "language": "English", "description": "\nFrom simulating complex phenomenon on supercomputers to storing the coordinates needed in modern 3D printing, data is a huge and growing part of our world. A major tool to manipulate and study this data is linear algebra.\u00a0This course is part 1 of a 2-part course. \u00a0In this part, we\u2019ll learn basics of matrix algebra with an emphasis on application. \u00a0This class has a focus on computer graphics while also containing examples in data mining. We\u2019ll learn to make an image transparent, fade from one image to another, and rotate a 3D wireframe model. \u00a0We\u2019ll also mine data; for example, we will find similar movies that one might enjoy seeing. In the topic of sports ranking, we\u2019ll be ready to participate in March Madness and submit our own mathematically generated brackets to compete against millions of others.\u00a0 The lectures are developed to encourage you to explore and create your own ideas either through your own programming but also with online tools developed for the course.\u00a0 Come to this course ready to investigate your own ideas.\n"}