{"name": "ART of the MOOC: Merging Public Art and Experimental Education", "instructor(s)": "Pedro Lasch", "university": "Duke University", "provider": "coursera", "start": "Always Available", "duration": "Always Available", "language": "English", "description": "\nJoin thousands around the world in this free, six-week online course that is also a work of public art. Designed by artist and Duke University professor Pedro Lasch, and co-taught by Creative Time chief curator Nato Thompson, the course includes creative exercises and dozens of presentations by key figures in the field of art and social politics.\n"}