{"name": "Art & Activity: Interactive Strategies for Engaging with Art", "instructor(s)": "Jessica Baldenhofer, Lisa Mazzola and others", "university": "The Museum of Modern Art", "provider": "coursera", "start": "21/Oct/2013", "duration": "4 weeks", "language": "English", "description": "\nArt can be a powerful catalyst for building skills and understanding across a wide range of subjects. Intended for primary and secondary teachers from all disciplines, Art & Activity builds upon the inquiry-based approaches of Art and Inquiry: Museum Teaching Strategies for Your Classroom, while delving into activity-based strategies that will make your students empowered participants in their own learning.\n"}