{"name": "Artificial Intelligence", "instructor(s)": "Dan Klein, Pieter Abbeel", "university": "University of California, Berkeley", "provider": "edx", "start": "06/Feb/2015", "duration": "12 weeks", "language": "English", "description": "\nThis focuses on Behavior from Computation. It will introduce the basic ideas and techniques underlying the design of intelligent computer systems. A specific emphasis will be on the statistical and decision\u2013theoretic modeling paradigm. By the end of this course, you will have built autonomous agents that efficiently make decisions in stochastic and in adversarial settings.\n"}