{"name": "Artificial Intelligence ", "instructor(s)": "Sebastian Thrun, Shayan Doroudi", "university": "NA", "provider": "udacity", "start": "Always Available", "duration": "6 weeks", "language": "English", "description": "\nLearn how to program all the major systems of a robotic car from the leader of Google and Stanford's autonomous driving teams. This class will teach you basic methods in Artificial Intelligence, including: probabilistic inference, planning and search, localization, tracking and control, all with a focus on robotics. Extensive programming examples and assignments will apply these methods in the context of building self-driving cars.\n"}