{"name": "Arts and Culture Strategy", "instructor(s)": "Peter Frumkin, Russell Taylor", "university": "University of Pennsylvania", "provider": "coursera", "start": "10/Nov/2014", "duration": "6 weeks", "language": "English", "description": "\nArts and culture leaders have a rewarding but tough task: creating sustainable organizations that deliver real social value. There is a lot of competition out there. Being an effective leader means constantly adapting, cleverly using the best tools to reach as many people as possible. This course is designed to help leaders at any level do just that.\n"}