{"name": "Asset Pricing, Part 2", "instructor(s)": "John Cochrane", "university": "The University of Chicago", "provider": "coursera", "start": "Always Available", "duration": "Always Available", "language": "English", "description": "\nThis course is part two of an introduction to graduate-level academic asset pricing. This second part uses the theory and elaborates empirical understanding. It explores some classic applications including the Fama-French three-factor model, consumption and the equity premium, and extends the theory to cover options, bonds, and portfolios.\n"}