{"name": "Auf Deutsch: Communicating in German Across Cultures ", "instructor(s)": "Ed Dixon", "university": "University of Pennsylvania", "provider": "coursera", "start": "Always Available", "duration": "6 weeks", "language": "English", "description": "\nBy the end of this course you will have developed a spoken and written profile in German that reflects your backgrounds, customs and the cities you live in. Through the medium of a foreign language, we will learn about each other and exchange our reactions to contemporary German life and lifestyles.\n"}