{"name": "Australian literature: a rough guide", "instructor(s)": "Philip Mead, Claire Jones", "university": "University of Western Australia", "provider": "coursera", "start": "Always Available", "duration": "Always Available", "language": "English", "description": "\nThis course is a short introduction to the rich and distinctive world of Australian literature, a world of ancient and modern forms of writing about a vast and varied continent. Explore the work of writers who have responded imaginatively to the unique landscapes of Australia and to its remarkable human history.\n"}