{"name": "Autonomous Mobile Robots", "instructor(s)": "Roland Siegwart, Paul Furgale and others", "university": "ETH Zurich", "provider": "edx", "start": "14/Feb/2014", "duration": "Always Available", "language": "English", "description": "\nRobots are rapidly evolving from factory workhorses, which are physically bound to their work-cells, to increasingly complex machines capable of performing challenging tasks in our daily environment. The objective of this course is to provide the basic concepts and algorithms required to develop mobile robots that act autonomously in complex environments. The main emphasis is put on mobile robot locomotion and kinematics, environment perception, probabilistic map based localization and mapping, and motion planning.\n"}