{"name": "Bases Matem\u00e1ticas: \u00c1lgebra", "instructor(s)": "Alicia Herrero Deb\u00f3n", "university": "UP Valencia", "provider": "edx", "start": "17/Feb/2015", "duration": "Always Available", "language": "English", "description": "\nEn este curso se recordar\u00e1 lo que es una ecuaci\u00f3n\u00a0 con una \u00fanica inc\u00f3gnita y c\u00f3mo solucionarla. A partir de ah\u00ed se tratar\u00e1n:\nLos sistemas de ecuaciones lineales. C\u00f3mo se definen, c\u00f3mo se clasifican y c\u00f3mo se resuelven utilizando el m\u00e9todo de Gauss\nEl concepto de matriz y las operaciones entre matrices\nEl c\u00e1lculo de matrices inversas mediante el m\u00e9todo de Gauss y el de los adjuntos\nUna introducci\u00f3n a las ecuaciones matriciales\nEl determinante de una matriz cuadrada y su c\u00e1lculo\nEl rango de una matriz\nLa expresi\u00f3n matricial de un sistema de ecuaciones lineales y la regla de Cramer\n"}