{"name": "Basic Behavioral Neurology", "instructor(s)": "Roy Hamilton", "university": "University of Pennsylvania", "provider": "coursera", "start": "Always Available", "duration": "4 weeks", "language": "English", "description": "\nThis course will survey fundamental principles of cognitive and behavioral neurology. The emphasis of the course will be on the neural mechanisms underlying aspects of cognition and on diseases that affect intellect and behavior. No prior background in neurology, medicine, or neuroscience is required.\n"}