{"name": "Basics of Energy Sustainability", "instructor(s)": "Charles D. McConnell", "university": "Rice", "provider": "edx", "start": "30/Apr/2015", "duration": "Always Available", "language": "English", "description": "\nSustainability, defined by Rice\u2019s Energy and Environment Institute (EEi), is energy security, affordability, and environmental responsibility as the three required foundational pillars.\u00a0 \u00a0\u00a0\nWe will explore and understand the fundamental principles of energy sustainability from the perspective of the techno/economic framework and maturity of the market in the geography of interest.\u00a0 Global impact and the effects of global commerce will drive investment and the hierarchy of the three fundamentals.\u00a0 With an emphasis on the oil and gas sector, petrochemicals, and power industry, thought leaders will discuss these principles with participants in the context of real-world industry examples and share their personal insights on best practices and future trends.\nThe four-week course will examine three fundamentals of energy sustainability and their application in today\u2019s dynamic industry landscape in oil and gas (upstream, midstream, downstream), petrochemicals (upstream and downstream), power and energy trading:\nAvailable and secure supply of energy.\u00a0 A portfolio of options and interconnections of supply and demand for long-term access and systems analysis of best available options.\nAffordable and competitive cost of energy.\u00a0 An analysis of economic competitiveness and investment options for not only generation but a systems analysis of total cost impact.\nEnvironmental responsibility in the production and consumption of energy.\u00a0 An analysis of technical options and the optimizing of local and international policy and regulations.\nThrough guest presentations and interviews with business executives and thought leaders, case studies, cutting-edge research and interactive learning experiences, participants will build the relevant knowledge and capabilities to effectively deliver consulting and support services effectively to specific clients and enterprises in the market. \u00a0Assessment will include methods such as quizzes, written reflections, individual/team projects, etc.\n"}