{"name": "Beauty, Form & Function: An Exploration of Symmetry", "instructor(s)": "Tim White", "university": "Nanyang Technological University, Singapore", "provider": "coursera", "start": "08/Aug/2016", "duration": "8 weeks", "language": "English", "description": "\nStudents will learn how to identify symmetrical forms and appreciate their importance in nature, art, architecture, crystallography and technology. By completing this course you will understand symmetry quantitatively, recognize its role in beauty and design and appreciate its function in our everyday life. Workload Breakdown: 4-6 hrs/week for Normal Track; 7-10 hrs/week for Signature Track.\n"}