{"name": "Becoming a Resilient Person - The Science of Stress Management", "instructor(s)": "Clayton Cook", "university": "University of Washington", "provider": "edx", "start": "06/May/2014", "duration": "Always Available", "language": "English", "description": "\nEveryone experiences adversity and stress at some level, whether it\u2019s the pressure to perform in school or work, relationship problems, financial difficulties, or simply the number of tasks to do in a short period of time. All stress isn\u2019t bad, but chronic stress can take its toll on our minds, bodies, and behavior. Research has shown that people can learn and use specific resilience skills (such as optimistic thinking, relaxation strategies, choosing one\u2019s attention) and positive routines (good sleep, scheduling in fun, and so on) in order to better manage stress, bounce back quicker after a setback, be more effective in their academic and vocational pursuits, develop stronger relationships with others, be physically and mentally healthy, and be satisfied with their lives overall. In short, resilience is ordinary magic and can be learned. It does not necessarily mean that you have to be born resilient or get lucky in life.\nThe purpose of this course is to teach individuals the science behind becoming a resilient person. Stated simply, resilience is the ability to survive and thrive. Resiliency is not only about your ability to positively adapt in the face of adverse or challenging circumstances (that is, survive), but it is also about learning the positive skills, strategies and routines that enable you to live a happy, fulfilling, and meaningful life (in other words, thrive). This course gives you the permission to take care of yourself in order to effectively manage life stressors and do what matters most in life. This captures the notion of being from the inside out, which is a phrase that highlights the importance of promoting core resilience skills, strategies, and routines among early childhood educators. In turn, resilient people are more capable of creating and maintaining nurturing, supportive, and effective learning environments while also optimizing their own wellbeing and love for both the big and small things in life.\nBy the end of this course, you will have learned about the knowledge and skills that you can apply in your life now and in the future to be a resilient person.\nCourse goal:\nThe goal for this course is to give you permission to take care of yourself and empower you to be a resilient person. A resilient person is someone who:\npurposely strives to be as mentally and psychically healthy as possible,\npossesses the confidence to effectively cope with and manage stressful situations,\nis compassionate towards self and others,\ndemonstrates grit or perseverance even in the face of adversity, and\nfocuses on the positive and fulfilling aspects of life.\nCourse supporting objectives: When you complete this course, you will be able to:\nDescribe why \u2018functioning from the inside out\u2019 is critical to becoming a resilient, effective person\nExplain the benefits of resilience and how the specific skills translate into optimizing social-emotional wellbeing and doing what matters most in life\nDirectly practice a variety of resilience skills in different aspects of your life, including but not limited to:\nMindfulness practices\n Strategies to manage intense emotions\nActivities that induce positive emotions\nClarifying important personal values (that is, what matters most) and committing to behaving consistent with them\nMaking health lifestyle choices that are cheap and readily available, yet promote well-being\nDescribe why \u2018practicing\u2019 and integrating resilience skills into one\u2019s life is critical to making them a habit and becoming a resilient person\nDevelop a resilience plan that serves as a roadmap for your future\n"}