{"name": "Behavioral Medicine: A Key to Better Health", "instructor(s)": "Anne H. Berman, Sakari Suominen", "university": "Karolinska Institutet", "provider": "edx", "start": "09/Sep/2014", "duration": "Always Available", "language": "English", "description": "\nBehavioral medicine is the science of changing our behavior, so we as individuals can stay healthy and happy as long as we can. If you choose to join this five-week course on Behavioral Medicine, you will learn about basic behavioral medicine concepts and explore how they can be applied to help people who need to change specific lifestyle behaviors to attain better health. Working with \u201cvirtual patient scenarios\u201d will give you a chance to test behavioral medicine interventions. You will also learn self-help tools based on behavioral medicine, for whatever you need to change in your life.\nWe\u2019ll start the first week by looking at what makes us motivated to change our behavior. We often feel motivated for change when we experience imbalance in life. One example of a key concept that helps us understand how imbalance arises is the effort-reward model, which states that ill-health is more likely to arise when there is a gap between the effort you make and how you are rewarded. To help people who are experiencing imbalance identify what they need to change, we will learn about Motivational Interviewing (MI), a counseling style that stimulates behavior change. You will have an opportunity to test basic techniques in MI with a \u201cvirtual bartender\u201d who has sleep problems that he is trying to solve by drinking alcohol. The following four weeks will focus on coping with stress (week 2), improving sleep (week 3), increasing physical activity (week 4), and everyday behaviors (week 5) like hand washing, condom use and minimizing risky alcohol use.\n"}