{"name": "Behavioral Economics in Action", "instructor(s)": "Dilip Soman", "university": "University of Toronto", "provider": "edx", "start": "15/Oct/2015", "duration": "6 weeks", "language": "English", "description": "\nHow can we get people to save more money, eat healthy foods, engage in healthy behaviors, and make better choices in general? There has been a lot written about the fact that human beings do not process information and make decisions in an optimal fashion. This course builds on much of the fascinating work in the area of behavioral economics and allows learners to develop a hands-on approach by understanding its methods and more importantly, how it can be harnessed by suitably designing contexts to \u201cnudge\u201d choice.\n"}