{"name": "Better Leader, Richer Life", "instructor(s)": "Stewart Friedman", "university": "University of Pennsylvania", "provider": "coursera", "start": "08/Feb/2015", "duration": "6 weeks", "language": "English", "description": "\nThe Total Leadership approach will help you become a better leader by having a richer life and have a richer life by becoming a better leader. Learn a practical, proven method for how to articulate your core values and vision; build trust with your most important people; and achieve \"four-way wins\" -- improved performance at work or in school, at home with your family, in your community, and for your self (mind, body, spirit). It's not about \"work/life balance\"; it's about creating harmony among the different parts of your life as a leader in all of them.\n"}