{"name": "Big Data Science with the BD2K-LINCS Data Coordination and Integration Center", "instructor(s)": "Avi Ma\u00cdayan", "university": "Icahn School of Medicine at Mount Sinai", "provider": "coursera", "start": "Always Available", "duration": "Always Available", "language": "English", "description": "\nLearn various methods of analysis including: unsupervised clustering, gene-set enrichment analyses, Bayesian integration, network visualization, and supervised machine learning applications to LINCS data and other relevant Big Data from high content molecular and phenotype profiling of human cells.\n"}