{"name": "Big Data in Education", "instructor(s)": "Ryan S.J.d. Baker", "university": "Columbia University", "provider": "coursera", "start": "16/Feb/2015", "duration": "10 weeks", "language": "English", "description": "\nEducation is increasingly occurring online or in educational software, resulting in an explosion of data that can be used to improve educational effectiveness andsupport basic research on learning. In this course, you will learn howand when to use key methods for educational data mining andlearning analytics on this data.\n"}