{"name": "Big Data Analytics for Healthcare", "instructor(s)": "Jimeng Sun", "university": "Georgia Institute of Technology", "provider": "coursera", "start": "Always Available", "duration": "4 weeks", "language": "English", "description": "\nWe introduce the characteristics and related analytic challenges on dealing with clinical data from electronic health records. Many of those insights come from medical informatics community and data mining/machine learning community. There are three thrusts in this course: Application, Algorithm and System\n"}