{"name": "Big Data and Social Physics", "instructor(s)": "Alex Pentland", "university": "MIT", "provider": "edx", "start": "12/May/2014", "duration": "1 weeks", "language": "English", "description": "\nSocial physics is a big data science that models how networks of people behave and uses these network models to create actionable intelligence. It is a quantitative science that can accurately predict patterns of human behavior and guide how to influence those patterns to (for instance) increase decision making accuracy or productivity within an organization. Included in this course is a survey of methods for increasing communication quality within an organization, approaches to providing greater protection for personal privacy, and general strategies for increasing resistance to cyber attack.\n"}