{"name": "Biochemical Engineering", "instructor(s)": "Saikat Chakraborty, Rintu Banerjee", "university": "IIT Kharagpur", "provider": "nptel", "start": "Always Available", "duration": "Always Available", "language": "English", "description": "\nBasics of Biology, Overview of Biotechnology, Diversity in Microbial Cells, Cell Constituents, Chemicals for Life. Kinetics of Enzyme Catalysis. Immobilized Enzymes: effects of intra and inter-phase mass transfer on enzyme kinetics.Major Metabolic Pathways: Bioenergetics, Glucose Metabolism, Biosynthesis.\n"}