{"name": "Biochemistry", "instructor(s)": "Various", "university": "NA", "provider": "saylor", "start": "Always Available", "duration": "Always Available", "language": "English", "description": "\nExamination of the biological and chemical processes necessary to sustain life. Topics include: the structure and synthesis of amino acids and proteins, enzymatic activity, regulation and production of enzymes, the structure and function of carbohydrates, nucleic acids, and lipids, DNA, RNA, cellular metabolism, the biochemistry of genes and chromosomes, biochemical signaling, and laboratory techniques.\n"}