{"name": "Bioinformatics Algorithms (Part 2) ", "instructor(s)": "Pavel Pevzner, Phillip Compeau", "university": "UC San Diego", "provider": "coursera", "start": "16/Mar/2015", "duration": "8 weeks", "language": "English", "description": "\nThis is the second course in a two-part series on bioinformatics algorithms, covering the following topics: evolutionary tree reconstruction, applications of combinatorial pattern matching for read mapping, gene regulatory analysis, protein classification, computational proteomics, and computational aspects of human genetics.\n"}