{"name": "Bioinformatic Methods I", "instructor(s)": "Nicholas James Provart", "university": "University of Toronto", "provider": "coursera", "start": "16/Jun/2015", "duration": "6 weeks", "language": "English", "description": "\nUse of available (mainly web-based) programs for analyzing biological data. This is an introductory course with a strong emphasis on hands-on methods. Some theory is introduced, but the main focus is on using extant bioinformatics tools to analyze data and generate biological hypotheses.\n"}