{"name": "Bioinorganic Chemistry", "instructor(s)": "Various", "university": "NA", "provider": "saylor", "start": "Always Available", "duration": "Always Available", "language": "English", "description": "\nExploration of the biological importance of inorganic complexes. Topics include: biochemistry and transition metal chemistry review, characterization methods, metal ion transport and cellular storage, biological electron transfer, the nitrogen cycle, oxygen transport and transfer, oxygen processing, and enzymes and proteins.\n"}