{"name": "Bioinformatics Algorithms (Part 1) ", "instructor(s)": "Pavel Pevzner, Phillip E. C. Compeau", "university": "UC San Diego", "provider": "coursera", "start": "20/Oct/2014", "duration": "6 weeks", "language": "English", "description": "\nThis course will cover some of the common algorithms underlying the following fundamental topics in bioinformatics: assembling genomes, comparing DNA and protein sequences, predicting genes, finding regulatory motifs, analyzing gene expression, constructing evolutionary trees, analyzing genome rearrangements, and identifying proteins.\n"}