{"name": "Biomathematics", "instructor(s)": "Ranjith Padinhateeri", "university": "IIT Bombay", "provider": "nptel", "start": "Always Available", "duration": "Always Available", "language": "English", "description": "\nGraphs and functions, Derivative of a function, Techniques of differentiation Differentiation and its application in Biology, Finding maxima, minima, Plotting functions, Integrals, Techniques of Integration, Scalars and vectors. Force, Concentration gradient, Polar coordinates\n"}