{"name": "Biotechnology", "instructor(s)": "Various", "university": "NA", "provider": "saylor", "start": "Always Available", "duration": "Always Available", "language": "English", "description": "\nDetailed introduction to the use of numerous methods and biological techniques such as FISH, RNAi, PCR, Western blotting, microarrays, and others to enhance scientific research, medicine, and engineering. Particular emphasis on how biotechnology and its techniques can be used in plant and animal engineering, gene therapy, forensic science, environmental studies, and renewable energy.\n"}