{"name": "Bitcoin and Cryptocurrency Technologies", "instructor(s)": "Various", "university": "NA", "provider": "princeton_university", "start": "Always Available", "duration": "Always Available", "language": "English", "description": "\nThere\u2019s a lot of excitement about Bitcoin, but also a lot of confusion about what Bitcoin is and how it works. We\u2019re offering this course to help cut through the hype and get to the core of what makes Bitcoin unique.\nTo really understand what is special about Bitcoin, we need to understand how it works at a technical level. We\u2019ll address the important questions about Bitcoin, such as:\nHow does Bitcoin work? What makes Bitcoin different? How secure are your Bitcoins? How anonymous are Bitcoin users? What determines the price of Bitcoins? Can cryptocurrencies be regulated? What might the future hold?\n"}