{"name": "Blended Learning: Personalizing Education for Students", "instructor(s)": "Brian Greenberg, Rob Schwartz and others", "university": "New Teacher Center", "provider": "coursera", "start": "Always Available", "duration": "Always Available", "language": "English", "description": "\nBlended learning is a new educational model with great potential to increase student outcomes and create exciting new roles for teachers. In this course you will learn about the different types of blended learning and the best practices from real schools using these models. In addition, you will develop the tools you need to build your own blended learning program.\n"}