{"name": "Buddhist Meditation and the Modern World", "instructor(s)": "Kurtis R. Schaeffer, David Francis Germano", "university": "University of Virginia", "provider": "coursera", "start": "30/Aug/2015", "duration": "8 weeks", "language": "English", "description": "\nIntroduces students to (i) the history of Buddhist contemplative traditions in India and Tibet (meditation, yoga, mindfulness, visualization, etc.), (ii) innovations in scientific research on understanding such contemplative practices, (iii) recent adaptations of such practices in multiple professional and personal areas, and (iv) the practices themselves through brief secular contemplative exercises.\n"}