{"name": "Buddhism and Modern Psychology", "instructor(s)": "Robert Wright", "university": "Princeton University", "provider": "coursera", "start": "Always Available", "duration": "9 weeks", "language": "English", "description": "\nThe Buddha said that human suffering\u2014ranging from anxiety to sadness to unfulfilled craving\u2014results from not seeing reality clearly. He described a kind of meditation that promises to ease suffering by dispelling illusions about the world and ourselves. What does psychological science say about this diagnosis and prescription\u2014and about the underlying model of the mind?\n"}