{"name": "Business and Data Analysis Skills", "instructor(s)": "Jim Pautz", "university": "Fullbridge", "provider": "edx", "start": "27/Oct/2016", "duration": "Always Available", "language": "English", "description": "\nIn the modern workplace, it\u2019s crucial to know how to analyze, synthesize, and tell stories with data. This self-paced career development course will help you learn how to use a spreadsheet application (like Microsoft Excel) as a powerful analytical and communication tool. You will perform real-world market and financial analyses and practice presenting your findings visually for maximum impact. By the end of the course, you will be able to make data-driven decisions that help your organization grow and prosper. This is the fourth course in Fullbridge\u2019s four-part Career Development XSeries, designed to prepare you to succeed in the modern workplace.\n"}