{"name": "Business and its Environment: An Overview of Business and the Role of Finance in Business", "instructor(s)": "Brandi Ulrich, Kipp Snow", "university": "Open Education Consortium", "provider": "edx", "start": "18/May/2015", "duration": "4 weeks", "language": "English", "description": "\nIntroduction to the ways that business is related to, and interacts with, individuals, groups and institutions in the current U.S. environment. This course provides the terminology and concepts of the functional areas of business, setting the foundation for interpreting and analyzing the legal, social and ethical issues facing business today. \u00a0Learners will gain a basic overview of the financial system, including sources of business financing and various types of financial statements.\n\u00a0\nThis course was developed and is being offered by Anne Arundel Community College through OECx.\n\u00a0\nAll course content is openly licensed under a Creative Commons Attribution license. You are free to translate, modify and repurpose course materials as long as you provide attribution to the course authors.\u00a0 For more information on Creative Commons licenses, please see http://creativecommons.org/about/license/\n"}