{"name": "Business Model Implementation", "instructor(s)": "Harry Bouwman, Mark de Reuver and others", "university": "Delft", "provider": "edx", "start": "01/Jul/2017", "duration": "Always Available", "language": "English", "description": "\nDesigning a new business model is one thing, but how do you actually put it into practice? How do you move from your current model to a new business model? In this business and management course, you will learn how to make a practical action plan to implement your new business model. You will create a business model roadmap that will include practical activities that take into consideration the possible risks associated with moving to a new business model. You will also learn about the practical factors that need to be taken into consideration during the transition process, i.e. the competency of your people and your IT, in order to successfully implement a new business model. LICENSE The course materials of this course are Copyright Delft University of Technology and are licensed under a Creative Commons Attribution-NonCommercial-ShareAlike (CC-BY-NC-SA) 4.0 International License.\n"}