{"name": "Calculus 1C: Coordinate Systems & Infinite Series", "instructor(s)": "David Jerison, Gigliola Staffilani", "university": "MIT", "provider": "edx", "start": "29/Mar/2016", "duration": "7 weeks", "language": "English", "description": "\nHow did Newton describe the orbits of the planets? To do this, he created calculus.\u00a0 But he used a different coordinate system more appropriate for planetary motion.\u00a0 We will learn to shift our perspective to do calculus with parameterized curves and polar coordinates. And then we will dive deep into exploring the infinite to gain a deeper understanding and powerful descriptions of functions.\nHow does a computer make accurate computations? Absolute precision does not exist in the real world, and computers cannot handle infinitesimals or infinity. Fortunately, just as we approximate numbers using the decimal system, we can approximate functions using series of much simpler functions. These approximations provide a powerful framework for scientific computing and still give highly accurate results. They allow us to solve all sorts of engineering problems based on models of our world represented in the language of calculus.\nChanging Perspectives\nParametric Equations\nPolar Coordinates\nSeries and Polynomial Approximations\nSeries and Convergence\nTaylor Series and Power Series\nThis course, in combination with Parts 1 and 2, covers the AP* Calculus BC curriculum.\nLearn more about our High School and AP* Exam Preparation Courses\nCalculus 1A: Differentiation\nCalculus 1B: Integration\nThis course was funded in part by the Wertheimer Fund.\n* Advanced Placement and AP are registered trademarks of the College Board, which was not involved in the production of, and does not endorse, these offerings.\n"}