{"name": "Calculus of Variations and Integral Equations", "instructor(s)": "Malay Banerjee, D. Bahuguna", "university": "IIT Kanpur", "provider": "nptel", "start": "Always Available", "duration": "Always Available", "language": "English", "description": "\nVariational problems with the fixed boundaries,Variational problems with moving boundaries, Sufficiency conditions, Fredholm\u2019s Integral equations, Voltera Integral equations, Fredholm\u2019s theory - Hilbert-Schmidt theorem, Fredholm and Volterra Integro-Differential equation\n"}