{"name": "Calculus 1A: Differentiation", "instructor(s)": "David Jerison, Gigliola Staffilani", "university": "MIT", "provider": "edx", "start": "30/Sep/2015", "duration": "Always Available", "language": "English", "description": "\nHow does the final velocity on a zip line change when the starting point is raised or lowered by a matter of centimeters?\u00a0 What is the accuracy of a GPS position measurement?\u00a0 How fast should an airplane travel to minimize fuel consumption? The answers to all of these questions involve the derivative.\u00a0\nBut what is the derivative?\u00a0 You will learn its mathematical notation, physical meaning, geometric interpretation, and be able to move fluently between these representations of the derivative.\u00a0 You will discover how to differentiate any function you can think up, and develop a powerful intuition to be able to sketch the graph of many functions.\u00a0 You will make linear and quadratic approximations of functions to simplify computations and gain intuition for system behavior.\u00a0 You will learn to maximize and minimize functions to optimize properties like cost, efficiency, energy, and power.\u00a0\u00a0\nLearn more about our High School and AP* Exam Preparation Courses\nCalculus 1B: Integration\nCalculus 1C: Coordinate Systems & Infinite Series\nThis course was funded in part by the Wertheimer Fund.\n* Advanced Placement and AP are registered trademarks of the College Board, which was not involved in the production of, and does not endorse, these offerings.\n"}