{"name": "Calculus 1B: Integration", "instructor(s)": "David Jerison, Gigliola Staffilani", "university": "MIT", "provider": "edx", "start": "01/Dec/2015", "duration": "11 weeks", "language": "English", "description": "\nHow long should the handle of your spoon be so that your fingers do not burn while mixing chocolate fondue? Can you find a shape that has finite volume, but infinite surface area? How does the weight of the rider change the trajectory of a zip line ride? These and many other questions can be answered by harnessing the power of the integral.\u00a0\nBut what is an integral? You will learn to interpret it geometrically as an area under a graph, and discover its connection to the derivative.\u00a0 You will encounter functions that you cannot integrate without a computer and develop a big bag of tricks to attack the functions that you can integrate by hand. The integral is vital in engineering design, scientific analysis, probability and statistics. You will use integrals to find centers of mass, the stress on a beam during construction, the power exerted by a motor, and the distance traveled by a rocket.\n1. Modeling the Integral\nDifferentials and Antiderivatives\nDifferential Equations\nSeparation of Variables\n2. Theory of Integration\nMean Value Theorem\nDefinition of the Integral and the First Fundamental Theorem\nSecond Fundamental Theorem\n3. Applications\nAreas and Volumes\nAverage Value and Probability\nArc Length and Surface Area\n4. Techniques of Integration\nNumerical Integration\nTrigonometric Powers, Trig Substitutions, Completing the Square\nPartial Fractions, Integration by Parts\nThis course, in combination with Part 1, covers the AP* Calculus AB curriculum.\nThis course, in combination with Parts 1 and 3, covers the AP* Calculus BC curriculum.\nThis course was funded in part by the Wertheimer Fund.\nLearn more about our High School and AP* Exam Preparation Courses\nCalculus 1A: Differentiation\nCalculus 1C: Coordinate Systems & Infinite Series\n* Advanced Placement and AP are registered trademarks of the College Board, which was not involved in the production of, and does not endorse, these offerings.\n "}