{"name": "Campaigns and Elections", "instructor(s)": "Various", "university": "NA", "provider": "saylor", "start": "Always Available", "duration": "Always Available", "language": "English", "description": "\nDetailed study of the purpose and significance of campaigns and elections, especially their impact on the American political system. Explores the history and evolution of elections and voting laws in the United States, types of elections, campaign organization and strategy, the role of political parties, and voter decision-making.\n"}