{"name": "Cancer Biology", "instructor(s)": "Various", "university": "NA", "provider": "saylor", "start": "Always Available", "duration": "Always Available", "language": "English", "description": "\nDetailed examination of the development and progression of cancer, including tumor suppressors and oncogenes and the cell cycle and its checkpoints, with special attention to the causes of cancer, including various carcinogens, risk assessment, the processes of cell death, cancer history, and treatment options.\n"}