{"name": "Canine Theriogenology for Dog Enthusiasts", "instructor(s)": "Margaret V. Root", "university": "University of Minnesota", "provider": "coursera", "start": "04/Oct/2013", "duration": "6 weeks", "language": "English", "description": "\nThis course will help anyone who loves dogs to better understand their dog's reproductive health and how to control its reproduction. This includes understanding the pros and cons of having your dog spayed or castrated, and understanding at what age that surgery can be performed.\n"}