{"name": "Career Edge: Business and Data Analysis", "instructor(s)": "Jim Pautz, Caroline Young", "university": "Fullbridge", "provider": "edx", "start": "09/Feb/2016", "duration": "4 weeks", "language": "English", "description": "\nUnderstanding how to analyze, synthesize and communicate data is increasingly critical in the modern workplace. This course teaches you how to evaluate market and financial data, and present insights effectively. You will develop the foundational skills to use Excel as a powerful analytical and communications tool. Using innovative educational methods, including interactive assessments and games, you will learn, practice, and apply techniques to build confidence in your analytical skill set.\n"}