{"name": "Career 911: Your Future Job in Medicine and Healthcare", "instructor(s)": "Melissa Simon", "university": "Northwestern University", "provider": "coursera", "start": "Always Available", "duration": "Always Available", "language": "English", "description": "\nThis course aims to help high school students, recent graduates, and those considering career transitions explore health care career options and learn strategies for entry into the health care workforce and health related fields.\n"}