{"name": "Career Edge: Analytical Problem Solving and Design Thinking", "instructor(s)": "Jim Pautz, Caroline Young", "university": "Fullbridge", "provider": "edx", "start": "12/Jan/2016", "duration": "5 weeks", "language": "English", "description": "\nThis career development course will teach you processes for framing problems, isolating the root cause, and taking action to reach a solution. You will use techniques, including hypothesis testing and design thinking, as well as primary and secondary research methods. Problem solvers are in high demand across every industry and profession; add this critical skill to your toolkit!\n"}