{"name": "Career Edge: Resume, Networking and Interview Skills", "instructor(s)": "Jim Pautz, Caroline Young", "university": "Fullbridge", "provider": "edx", "start": "08/Mar/2016", "duration": "4 weeks", "language": "English", "description": "\nWith only a small window of opportunity to make a lasting impression on prospective employers, what should you do to get noticed? This career development course prepares you to reach out to desired organizations, succeed in your interview, and then excel on the job. Use self-assessments and interactive exercises to help you build a standout resume that will get you noticed. Using simulations, you\u2019ll learn interview preparation techniques that will enable you to ace the interview and start your career journey.\u00a0\n"}