{"name": "Care of Elders with Alzheimer's Disease and other Major Neurocognitive Disorders", "instructor(s)": "Nancy Hodgson, Laura Gitlin", "university": "Johns Hopkins University", "provider": "coursera", "start": "12/Jan/2015", "duration": "5 weeks", "language": "English", "description": "\nThis is a Statse-of-the-art course designed to accommodate the learning needs of health professionals related to dementia care. Emphasis will be placed on exploring innovations in care through an ecological model of dementia-care throughout the trajectory of the disorder.\n"}