{"name": "Career Edge: Communication and Teamwork", "instructor(s)": "Jim Pautz, Caroline Young", "university": "Fullbridge", "provider": "edx", "start": "15/Dec/2015", "duration": "4 weeks", "language": "English", "description": "\nThis career development course will teach you how to effectively communicate, collaborate, and resolve conflicts with colleagues and become a stellar team member. You\u2019ll learn through real-world examples and scenarios, which will enable you to be ready to collaborate on day one\u00a0of your next job or project.\u00a0\n"}