{"name": "Caries Management by Risk Assessment (CAMBRA)", "instructor(s)": "John Featherstone", "university": "University of California, San Francisco", "provider": "coursera", "start": "06/Apr/2015", "duration": "6 weeks", "language": "English", "description": "\nThis course will provide the scientific basis for caries (dental decay) risk assessment and practice interventions. You will immediately be able to apply \u00e2\u20ac\u0153caries management by risk assessment\u00e2\u20ac\u009d into your clinical setting or into your personal health care.\n"}