{"name": "Case Studies in Personalized Medicine", "instructor(s)": "Dan Roden", "university": "Vanderbilt University", "provider": "coursera", "start": "Always Available", "duration": "6 weeks", "language": "English", "description": "\nLearn how advances in biomedicine hold the potential to revolutionize drug development, drug treatments, and disease prevention: where are we now, and what does the future hold? This course is intended for healthcare providers 5+ years out of training--a lot has changed!! Other providers, medical/health sciences students, and members of the public may also be interested.\n"}