{"name": "Cell Biology: Mitochondria", "instructor(s)": "Robert A. Lue", "university": "Harvard", "provider": "edx", "start": "25/May/2016", "duration": "Always Available", "language": "English", "description": "\nThe cell is a powerful case study to help us explore the functional logic of living systems. All organisms, from single-celled algae to complex multicellular organisms like us, are made up of cells. In this course, you will learn the how and why of biology by exploring the function of the molecular components of cells, and how these cellular components are organized in a complex hierarchy. This course is designed to explore the fundamentals of cell biology. The overarching goal is for learners to understand, from a human-centered perspective, that cells are evolving ensembles of macromolecules that in turn form complex communities in tissues, organs, and multicellular organisms. We will focus, in particular, on the mitochondrion, the organelle that powers the cell. In this context, we will look at the processes of cell metabolism. Finally, we will examine the F1F0 ATP synthase, the molecular machine that is responsible for the synthesis of most of the ATP that your cells require to do work. To underscore the importance of cell biology to our lives, we will address questions of development and disease and implications of science in society. By the end of four weeks, we hope learners will have a deep intuition for the functional logic of a cell. Together we will ask how do things work within a cell, why do they work the way they do, and how are we impacted? Join us as we explore the extraordinary and wonderfully dynamic world of the cell. HarvardX requires individuals who enroll in its courses on edX to abide by the terms of the edX honor code. HarvardX will take appropriate corrective action in response to violations of the edX honor code, which may include dismissal from the HarvardX course; revocation of any certificates received for the HarvardX course; or other remedies as circumstances warrant. No refunds will be issued in the case of corrective action for such violations. Enrollees who are taking HarvardX courses as part of another program will also be governed by the academic policies of those programs. HarvardX pursues the science of learning. By registering as an online learner in an HX course, you will also participate in research about learning. Read our research statement to learn more. Harvard University and HarvardX are committed to maintaining a safe and healthy educational and work environment in which no member of the community is excluded from participation in, denied the benefits of, or subjected to discrimination or harassment in our program. All members of the HarvardX community are expected to abide by Harvard policies on nondiscrimination, including sexual harassment, and the edX Terms of Service. If you have any questions or concerns, please contact [email\u00a0protected]/or report your experience through the edX contact form.\n"}