{"name": "Cell Biology", "instructor(s)": "Various", "university": "NA", "provider": "saylor", "start": "Always Available", "duration": "Always Available", "language": "English", "description": "\nDetailed exploration of the cell and its structures, including molecular compounds, structural features, and organelles including the nucleus, cytoskeleton, and extracellular matrix. Particular emphasis on transport mechanisms and membrane trafficking, cellular signaling, the cell cycle including mitosis and meiosis, and gene expression.\n"}