{"name": "Cellular Mechanisms of Brain Function", "instructor(s)": "Carl Petersen, Semihcan Sermet and others", "university": "EPFL", "provider": "edx", "start": "16/Feb/2015", "duration": "Always Available", "language": "English", "description": "\nThe function of the brain is to govern behavior, and the aim of this course is to causally link biophysical mechanisms with simple behaviors studied in mice. The brain processes information through the concerted activity of many neurons, which communicate with each other through synapses organised in highly dynamic networks. The first goal of the course is to gain a detailed understanding of the structure and function of the fundamental building blocks of the mammalian brain, its synapses and neurons. The second goal is to understand neuronal networks, with specific emphasis on the interactions of excitatory glutamatergic and inhibitory GABAergic neurons. The third goal is to place neuronal network function in the context of sensory processing ultimately leading to behavioral decisions and motor output.\n"}