{"name": "Chemicals and Health", "instructor(s)": "Megan Latshaw, Beth Resnick", "university": "Johns Hopkins University", "provider": "coursera", "start": "12/Oct/2015", "duration": "7 weeks", "language": "English", "description": "\nThis course covers chemicals in our environment and in our bodies and how they impact our health. It addresses policies and practices related to chemicals, particularly related to how they get into our bodies (exposures), what they do when they get there (toxicology), how we measure them (biomonitoring) and their impact on our health.\n"}