{"name": "Chemical Engineering Thermodynamics", "instructor(s)": "Sandip Roy", "university": "IIT Bombay", "provider": "nptel", "start": "Always Available", "duration": "Always Available", "language": "English", "description": "\nThe present course aims to introduce the principles of Chemical Engineering Thermodynamics and illustrate their application to design of chemical process plants. The content comprises the fundamental laws of thermodynamics, the estimation of volumetric and key thermodynamic properties of real fluids and mixtures, solution thermodynamics, phase and chemical reaction equilibria\n"}