{"name": "Chemistry: Concept Development and Application Part II", "instructor(s)": "John Steven Hutchinson", "university": "Rice University", "provider": "coursera", "start": "Always Available", "duration": "6 weeks", "language": "English", "description": "\nThis course is the second semester of the two semester sequence, Chemistry Concept Development and Application. This course will cover the topics of a typical second semester General Chemistry course at most colleges and universities. We will use the Chemistry Concept Development Study approach, developed and used in our courses at Rice and used in Part I of this course.\n"}