{"name": "Children Acquiring Literacy Naturally", "instructor(s)": "Dominic William Massaro", "university": "University of California, Santa Cruz", "provider": "coursera", "start": "Always Available", "duration": "7 weeks", "language": "English", "description": "\nThis course will survey fundamental principles of language acquisition and learning to read. We will explore the possibility of becoming literate without formal schooling and instruction. No prior background in behavioral science, neuroscience, or technology is required.\n"}