{"name": "Chinese for Beginners", "instructor(s)": "Xiaoyu Liu", "university": "Peking University", "provider": "coursera", "start": "22/Oct/2014", "duration": "8 weeks", "language": "English", "description": "\nNowadays, there is an increasing number of people who are interested in Chinese culture and language. And it is useful to know about the language when coming to China for travel or business. This is an ABC Chinese course for beginners, including introduction of phonetics and daily expressions. After taking this class, learners can have a basic understanding of Chinese Mandarin and make basic conversations of daily living such as exchanging personal information, talking about daily arrangements and food, asking about price, introducing the city and the weather, telling your hobbies etc\n"}