{"name": "Chinese Thought: Ancient Wisdom Meets Modern Science - Part 2", "instructor(s)": "Edward Slingerland", "university": "The University of British Columbia", "provider": "edx", "start": "07/Mar/2016", "duration": "5 weeks", "language": "English", "description": "\nThis course is designed to give students a thorough introduction to early (pre-221 BCE) Chinese thought, its contemporary implications, and the role of religion in human well-being. Important themes to be discussed include the ideal of wu-wei or \u201ceffortless action,\u201d the paradox of how one can consciously try not to try, mindfulness techniques and self-cultivation, models of the self and society, rationality versus emotions, trust and human cooperation, and the structure and impact of different spiritual and political ideals.\n"}