{"name": "Chinese Politics Part 1 _ China and Political Science", "instructor(s)": "David ZWEIG", "university": "The Hong Kong University of Science and Technology", "provider": "coursera", "start": "Always Available", "duration": "7 weeks", "language": "English", "description": "\nThis course helps learners understand Chinese politics. Using approaches from political science, it looks at the politics behind China\u00cds economy, its leadership, how the government and Communist Party make and implement decisions, the ways people try to influence those decisions, and whether democracy or authoritarianism are in China\u00cds future.\n"}