{"name": "Circadian clocks: how rhythms structure life", "instructor(s)": "Martha Merrow, Till Roenneberg", "university": "Ludwig-Maximilians-Universitat Munchen", "provider": "coursera", "start": "Always Available", "duration": "6 weeks", "language": "English", "description": "\nThis course is geared towards starting undergraduate students. A solid background in biology will be helpful but not absolutely essential. The material will be of interest to those who are pursuing a career in any of the life sciences as well as anyone who has run up against their biological clock.\n"}