{"name": "Circular Economy: An Introduction", "instructor(s)": "David Peck, Conny Bakker and others", "university": "Delft", "provider": "edx", "start": "03/Feb/2017", "duration": "Always Available", "language": "English", "description": "\nOur global society is not sustainable. We all know about the challenges we\u2019re facing: waste, climate change, resource scarcity, loss of biodiversity. At the same time, we want to sustain our economies and offer opportunities for a growing world population. This course is about providing solutions we really believe in: a Circular Economy. In this course we explore the Circular Economy: how businesses can create value by reusing and recycling products, how designers can come up with amazingly clever solutions, and how you can contribute to make the Circular Economy happen. You will learn to re-think the economic system you\u2019re experiencing every day, and act upon it. Be a leader in this major paradigm shift! Shape a more circular future together with our global network. The course is led by TU Delft and co-created with the Ellen MacArthur Foundation and the Leiden-Delft-Erasmus Centre for Sustainability. LICENSE The course materials of this course are Copyright Delft University of Technology and are licensed under a Creative Commons Attribution-NonCommercial-ShareAlike (CC-BY-NC-SA) 4.0 International License.\n"}