{"name": "Circuits and Electronics", "instructor(s)": "Anant Agarwal, Chris Terman and others", "university": "MIT", "provider": "edx", "start": "25/Aug/2014", "duration": "17 weeks", "language": "English", "description": "\nThe course introduces engineering in the context of the lumped circuit abstraction. Topics covered include: resistive elements and networks; independent and dependent sources; switches and MOS transistors; digital abstraction; amplifiers; energy storage elements; dynamics of first- and second-order networks; design in the time and frequency domains; and analog and digital circuits and applications.\n"}