{"name": "Cities are back in town : urban sociology for a globalizing urban world ", "instructor(s)": "Patrick Le Gal\u010ds", "university": "Sciences Po", "provider": "coursera", "start": "Always Available", "duration": "Always Available", "language": "English", "description": "\nUrbanization is reaching a new peak in the contemporary world with the rise of mega cities. Researchers try to make sense of these large urban areas using a variety of concepts. The class will review debates and present social science models of cities to analyse and compare contemporary developments.\n"}