{"name": "Civil Liberties and Civil Rights", "instructor(s)": "Various", "university": "NA", "provider": "saylor", "start": "Always Available", "duration": "Always Available", "language": "English", "description": "\nExploration of the evolving opinions and doctrines of the U.S. Supreme Court with particular emphasis on the civil liberties and rights of individuals and groups. Examines specific case law with relevance to contemporary political controversies, including post-September 11th detainees, the use of secret courts, same-sex marriage, immigration, and abortion.\n"}