{"name": "Civic Ecology: Reclaiming Broken Places", "instructor(s)": "Marianne E. Krasny", "university": "Cornell", "provider": "edx", "start": "10/Apr/2015", "duration": "Always Available", "language": "English", "description": "\nCivic ecology is the study of community-driven environmental stewardship practices, their outcomes for individuals, communities, and ecosystems, and their interactions with the governance institutions and social-ecological systems in which they take place. Civic ecology practices\u2014such as community gardening, wetlands restoration, and tree planting\u2014are a means for people to express resilience and rebuild communities marked by tragedy and disinvestment.\n\u00a0\nExplore the people, places, and practices that restore nature, while also revitalizing neighborhoods. This interdisciplinary course covers contemporary thinking in resilience, social-ecological systems, and the relationship of nature to human and community wellbeing.\n\u00a0\nStudents will have the opportunity to participate in a civic ecology service-learning project.\n"}