{"name": "Civil War and Reconstruction - Part 1 1850 -1861", "instructor(s)": "Eric Foner, Tim Shenk", "university": "Columbia University", "provider": "edx", "start": "17/Sep/2014", "duration": "Always Available", "language": "English", "description": "\nA House Divided: The Road to Civil War, 1850-1861 is a course that begins by examining how generations of historians have explained the crisis of the Union.\u00a0 After discussing the institution of slavery and its central role in the southern and national economies, it turns to an account of the political and social history of the 1850s.\u00a0 It traces how the issue of the expansion of slavery came to dominate national politics, and how political leaders struggled, unsuccessfully, to resolve the growing crisis. We will examine the impact of key events such as Bleeding Kansas, the Dred Scott decision, the Lincoln-Douglas debates, and John Brown's raid on Harper's Ferry, and end with the dissolution of the Union in the winter of 1860-61.\nThis course is part of the series, Civil War and Reconstruction, which introduces students to the most pivotal era in American histor The Civil War transformed the nation by eliminating the threat of secession and destroying the institution of slavery.\u00a0 It raised questions that remain central to our understanding of ourselves as a people and a nation the balance of power between local and national authority, the boundaries of citizenship, and the meanings of freedom and equality.\u00a0 The series will examine the causes of the war, the road to secession, the conduct of the Civil War, the coming of emancipation, and the struggle after the war to breathe meaning into the promise of freedom for four million emancipated slaves. One theme throughout the series is what might be called the politics of history how the world in which a historian lives affects his or her view of the past, and how historical interpretations reinforce or challenge the social order of the present.\n"}