{"name": "CLEP Information Systems and Computer Applications, Part 5: Social Implications", "instructor(s)": "Vicent Botti Navarro, Ignacio Despujol and others", "university": "UP Valencia", "provider": "edx", "start": "29/Dec/2015", "duration": "3 weeks", "language": "English", "description": "\nThis is the fifth part of an introductory \u00a0business information systems series, designed to help you pass the CLEP Information Systems and Computer Applications exam and introduce you to the amazing world of Information Technology.\n"}