{"name": "CLEP Information Systems and Computer Applications, Part 1: IT", "instructor(s)": "Vicent Botti Navarro, Jaime Busquets and others", "university": "UP Valencia", "provider": "edx", "start": "15/Sep/2015", "duration": "4 weeks", "language": "English", "description": "\nThis is the first part of an introductory business information systems series, designed to help you pass the CLEP Information Systems and Computer Applications exam and introduce you to the amazing world of Information Technology.\n"}