{"name": "CLEP Information Systems and Computer Applications, Part 4: Programming", "instructor(s)": "Vicent Botti Navarro, Tanja Vos and others", "university": "UP Valencia", "provider": "edx", "start": "01/Dec/2015", "duration": "4 weeks", "language": "English", "description": "\nThis is the fourth part of an introductory business information systems course, designed to help you pass the CLEP Information Systems and Computer Applications exam and introduce you to the amazing world of Information Technology.\n"}