{"name": "Cloud Networking", "instructor(s)": "P. Brighten Godfrey, Ankit Singla", "university": "University of Illinois at Urbana-Champaign", "provider": "coursera", "start": "26/Oct/2015", "duration": "5 weeks", "language": "English", "description": "\nThe network is what makes the cloud. The cloud's key capabilities' the ability to share infrastructure, the ability to move and scale applications across servers, massive parallelism, virtualization, and worldwide connectivity are all rooted in the network. Learn how it all works!\n"}