{"name": "College Algebra and Problem Solving", "instructor(s)": "Adrian Sannier, Sue McClure", "university": "Arizona State University", "provider": "edx", "start": "18/Apr/2016", "duration": "Always Available", "language": "English", "description": "\nIn this college level Algebra course, you will learn to apply algebraic reasoning to solve problems effectively. You\u2019ll develop skills in linear and quadratic functions, general polynomial functions, rational functions, and exponential and logarithmic functions. You will also study systems of linear equations. This course will emphasize problem-solving techniques, specifically by means of discussing concepts in each of these topics. Content in this course will be adaptive, allowing you to achieve mastery in a certain concept before moving on to the next. Utilizing the ALEKS learning system, students in this personalized, self-paced course will be instructed on the topics they are most ready to learn while also providing individualized coaching as you move through each topic. This 3 credit hour course satisfies the Mathematical Studies (MA) general studies requirement at Arizona State University. This course may satisfy a general education requirement at other institutions; however, it is strongly encouraged that you consult with your institution of choice to determine how these credits will be applied to their degree requirements prior to transferring the credit.\n"}