{"name": "Collaboration and Communication in Healthcare: Interprofessional Practice", "instructor(s)": "Maria Wamsley, Angel Chen and others", "university": "University of California, San Francisco", "provider": "coursera", "start": "11/May/2015", "duration": "4 weeks", "language": "English", "description": "\nInterprofessional collaborative practice is key to safe, high quality, accessible, patient-centered care. This course aims to introduce health professions learners to the fundamental principles and skills for effective interprofessional collaborative practice.\n"}