{"name": "Combinatorial Mathematics", "instructor(s)": "Yuchun Ma", "university": "Tsinghua", "provider": "edx", "start": "19/Mar/2015", "duration": "11 weeks", "language": "English", "description": "\nOur lives are full of combinations. Combinatorial mathematics is just the science to deal with combinations of discrete items.\u00a0 As an ancient field, the history of combinatorial mathematics could be traced back over 4000 years to the age of the Great Yu in ancient China. Nowadays, it is regarded as the fundamental knowledge of computer science since the algorithms in programming heavily rely on the analysis of the discrete elements.\nInstead of relying on the traditional mathematical \"theorem - proof\" format, we show various principles in an intuitive manner with ancient stories, the scenes of movies and even the magic show. Specific topics covered include:\nThe counting principles based on\u00a0 the basic operations \u201c+\u201d, \u201c-\u201d, \u201c*\u201d, \u201c/\u201d;\u00a0\nGenerating functions;\nRecurrent number serials such as Fibonacci number, Catalan number etc;\nPigeon hole principles;\nInclusion and exclusion principles;\nPolya counting based on group theory.\nThe contents of this course are mainly based on the corresponding Tsinghua Class (Combinatorics) -- a course that has been awarded as the quality curriculum in Tsinghua. It is ideal for students who are interested in mathematics or computer science. It will lead you to gasp the mathematical theory essentially needed to solve the real-world applications.\n\u6211\u4eec\u751f\u6d3b\u7684\u65b9\u65b9\u9762\u9762\u90fd\u5145\u6ee1\u7740\u7ec4\u5408\uff0c\u800c\u7ec4\u5408\u6570\u5b66\u6b63\u662f\u7814\u7a76\u79bb\u6563\u4e8b\u7269\u7684\u5b66\u79d1\u3002\u4f5c\u4e3a\u4e00\u4e2a\u5177\u6709\u60a0\u4e45\u5386\u53f2\u7684\u5b66\u79d1\uff0c\u7ec4\u5408\u6570\u5b66\u7684\u53d1\u5c55\u53ef\u4ee5\u8ffd\u6eaf\u52304000\u5e74\u524d\u7684\u5927\u79b9\u65f6\u4ee3\u3002\u800c\u5982\u4eca\u7ec4\u5408\u6570\u5b66\u968f\u7740\u8ba1\u7b97\u673a\u5b66\u79d1\u7684\u53d1\u5c55\u5f00\u542f\u4e86\u65b0\u7684\u7bc7\u7ae0\uff0c\u7531\u4e8e\u7a0b\u5e8f\u7b97\u6cd5\u7684\u5206\u6790\u548c\u5b9e\u73b0\u6b63\u662f\u57fa\u4e8e\u5bf9\u79bb\u6563\u5bf9\u8c61\u7684\u5206\u6790\uff0c\u56e0\u6b64\u7ec4\u5408\u6570\u5b66\u5df2\u7ecf\u53d1\u5c55\u6210\u4e3a\u8ba1\u7b97\u673a\u5b66\u79d1\u7684\u57fa\u7840\u7406\u8bba\u3002\n\u800c\u672c\u8bfe\u7a0b\u4e00\u6539\u4ee5\u5f80\u6570\u5b66\u6559\u5b66\u7684\u201c\u5b9a\u7406-\u8bc1\u660e\u201d\u6a21\u5f0f\uff0c\u5f15\u9886\u5927\u5bb6\u7531\u6d45\u5165\u6df1\u5730\u9010\u6b65\u63a2\u7d22\u77e5\u8bc6\u7684\u6e90\u6cc9\uff0c\u8fd9\u91cc\u6709\u53e4\u4ee3\u6545\u4e8b\uff0c\u6709\u7535\u5f71\u7247\u6bb5\uff0c\u751a\u81f3\u7528\u9b54\u672f\u6765\u6f14\u7ece\u6570\u5b66\u6982\u5ff5\u3002\u800c\u8fd9\u4e9b\u5f62\u5f0f\u5c31\u662f\u4e3a\u4e86\u5f15\u9886\u5927\u5bb6\u53bb\u611f\u53d7\u6570\u5b66\u7684\u7f8e\u3002\u5177\u4f53\u7684\u6559\u5b66\u5185\u5bb9\u5305\u62ec\uff1a\n\u57fa\u4e8e\u56db\u5219\u8fd0\u7b97\u7684\u8ba1\u6570\u6cd5\u5219\uff1b\n\u6bcd\u51fd\u6570\uff1b\n\u9012\u63a8\u5e8f\u5217\uff0c\u5982\u6590\u6ce2\u90a3\u5951\u6570\uff0c\u5361\u7279\u5170\u6570\u7b49\uff1b\n\u9e3d\u5de2\u539f\u7406\uff1b\n\u5bb9\u65a5\u539f\u7406\uff1b\n\u57fa\u4e8e\u7fa4\u8bba\u7684\u6ce2\u5229\u4e9a\u5b9a\u7406\u3002\n\u672c\u8bfe\u7a0b\u7684\u5185\u5bb9\u548c\u5927\u7eb2\u4e3b\u8981\u57fa\u4e8e\u6e05\u534e\u5927\u5b66\u7cbe\u54c1\u8bfe\u300a\u7ec4\u5408\u6570\u5b66\u300b\uff0c\u901a\u8fc7\u672c\u8bfe\u7a0b\u7684\u5b66\u4e60\uff0c\u5b66\u4e60\u8005\u53ef\u4ee5\u6df1\u5165\u4e86\u89e3\u8ba1\u6570\u7684\u62bd\u8c61\u7406\u8bba\u548c\u5177\u4f53\u65b9\u6cd5\uff0c\u4ece\u800c\u6df1\u5165\u7406\u89e3\u7ec4\u5408\u6570\u5b66\u5bf9\u8ba1\u7b97\u673a\u7406\u8bba\u53d1\u5c55\u7684\u63a8\u52a8\u4f5c\u7528\u3002\u3002\n"}