{"name": "Common Core in Action: Literacy Across Content Areas", "instructor(s)": "Lisa Mount", "university": "New Teacher Center", "provider": "coursera", "start": "Always Available", "duration": "6 weeks", "language": "English", "description": "\nLearn how to apply some of the tools from the Literacy Design Collaborative to incorporate Common Core literacy strategies into your content area. In this course you will implement a template task and examine student work according to the LDC writing rubric.\n"}