{"name": "Common Core in Action II: Exploring Literacy Design Collaborative Tools", "instructor(s)": "Lisa Mount", "university": "New Teacher Center", "provider": "coursera", "start": "Always Available", "duration": "Always Available", "language": "English", "description": "\nLearn about and explore tools to incorporate Common Core literacy standards into your content area. In this course you will explore Literacy Design Collaborative resources, and develop a plan to use one of those resources within your context.\n"}