{"name": "Common Core in Action: Math Formative Assessment", "instructor(s)": "Kevin Drinkard", "university": "New Teacher Center", "provider": "coursera", "start": "30/Mar/2015", "duration": "6 weeks", "language": "English", "description": "\nThis course offers participants an opportunity to engage in a community of learners using an inquiry cycle focusing on math formative assessments as a strategy for implementing CCSS in math. It focuses on the implementation of a Classroom Challenge: a 1 \u2013 2 day lesson developed by the Mathematics Assessment Project (MAP) based on formative assessment and the CCSSM.\n"}