{"name": "Communication in the 21st Century Workplace", "instructor(s)": "Patricia Bravo", "university": "University of California, Irvine", "provider": "coursera", "start": "06/Apr/2015", "duration": "4 weeks", "language": "English", "description": "\nCommunication, both verbal and nonverbal, is at the foundation of everything we do and say, and is especially important in the 21st century workplace. The focus of this course is to heighten your awareness of workplace communication, and equip you with new interpersonal skills.\n"}