{"name": "Competitive Strategy", "instructor(s)": "Tobias Kretschmer", "university": "Ludwig-Maximilians-Universitat Munchen", "provider": "coursera", "start": "01/Jul/2013", "duration": "6 weeks", "language": "English", "description": "\nIn this six-week course you will learn how firms behave in situations in which strategic decisions are interdependent, i.e. where my actions affect my competitors' profits and vice versa. Using the basic tools of game theory, we will analyze how firms choose strategies to attain competitive advantage.\n"}