{"name": "Computational Fluid Dynamics", "instructor(s)": "Sreenivas Jayanti", "university": "IIT Madras", "provider": "nptel", "start": "Always Available", "duration": "Always Available", "language": "English", "description": "\nIllustration of the CFD approach; CFD as an engineering analysis tool. Derivation of flow governing equations; turbulence modeling; modeling approaches for multiphase flow; initial and boundary conditions; wellposedness.Discretization of the governing equations using finite difference/volume/element methods; concepts of consistency, stability and convergence; template for the discretization of a generic unsteady transport equation.\n"}