{"name": "Computation Structures - Part 1: Digital Circuits", "instructor(s)": "Chris Terman, Steve Ward and others", "university": "MIT", "provider": "edx", "start": "03/Mar/2015", "duration": "11 weeks", "language": "English", "description": "\nDigital systems are at the heart of the information age in which we live, allowing us to store, communicate and manipulate information quickly and reliably.\u00a0 6.004x is a bottom-up exploration of the abstractions, principles, and techniques used in the design of digital systems.\u00a0\u00a0 If you have a rudimentary knowledge of electricity and some exposure to programming, roll up your sleeves, join in and design a computer system!\n\u00a0\nThis is part 1 of 3, teaching the fundamentals of digital circuit design.\u00a0 Topics include digital encoding of information, principles of digital signaling; combinational and sequential logic, implementation in CMOS, useful canonical forms, synthesis; latency, throughput and pipelining.\n\u00a0\nUsing your browser for design entry and simulation, you\u2019ll get to design and debug circuits at both the transistor- and gate-level, culminating in the creation of a 32-bit arithmetic and logic unit.\u00a0 There\u2019s also an optional design challenge where you can earn extra points towards your final score!\n"}