{"name": "Computer Science 101", "instructor(s)": "Nick Parlante", "university": "Stanford University", "provider": "coursera", "start": "Always Available", "duration": "6 weeks", "language": "English", "description": "\nCS101 teaches the essential ideas of Computer Science for a zero-prior-experience audience. The course uses small coding experiments in the browser to play with the nature of computers, understanding their strengths and limitations. Click \"Sign Up\" to be notified by email when the class is next run, and click \"Self-Study\" to start browsing the class materials right away. Self-Study mode makes all the videos and assignments available to be done at your own pace, but without a certificate of completion at the end.\n"}