{"name": "Computer-Aided Design (CAD)", "instructor(s)": "Various", "university": "NA", "provider": "saylor", "start": "Always Available", "duration": "Always Available", "language": "English", "description": "\nExploration of the professional modeling tool known as Computer Aided Design (CAD). Covers engineering graphics, isometric, othographic, and pictorial representations, tolerance and dimensioning, working with computer design systems, multidimensional representations and operations, and elementary design.\n"}