{"name": "Computing: Art, Magic, Science - Part II", "instructor(s)": "Bertrand Meyer, Marco Piccioni and others", "university": "ETH Zurich", "provider": "edx", "start": "10/Nov/2015", "duration": "6 weeks", "language": "English", "description": "\nThroughout this course, you will learn programming concepts and techniques, and practice them immediately through advanced browser-based tools that let you write programs, compile, run \u00a0and test them against predefined test sets. You will see your results right away in your browser!\n"}