{"name": "Computational Molecular Evolution", "instructor(s)": "Anders Gorm Pedersen", "university": "Technical University of Denmark (DTU)", "provider": "coursera", "start": "Always Available", "duration": "6 weeks", "language": "English", "description": "\nIn this course you will learn about how and why DNA and protein sequences evolve. You will learn the theory behind methods for building and analyzing phylogenetic trees, and get hands-on experience with some widely used software packages.\n"}