{"name": "Computer Architecture", "instructor(s)": "Various", "university": "NA", "provider": "saylor", "start": "Always Available", "duration": "Always Available", "language": "English", "description": "\nExploration of the basic hardware/software components, assembly language, and functional architecture design of computers, specifically focusing on instruction sets, processor arithmetic and control, the Von Neumann architecture, pipelining, memory management, storage, and other input/output topics.\n"}