{"name": "Computer Graphics", "instructor(s)": "Ravi Ramamoorthi", "university": "UC San Diego", "provider": "edx", "start": "01/Dec/2015", "duration": "6 weeks", "language": "English", "description": "\nStudents will learn to create computer-generated images of 3D scenes, including flybys of objects, make a real-time scene viewer, and create very realistic images with raytracing.\u00a0 We will start with a simple example of viewing a teapot from anywhere in space, understanding the basic mathematics of virtual camera placement.\u00a0 Next, you will learn how to use real-time graphics programming languages like OpenGL and GLSL to create your own scene viewer, enabling you to fly around and manipulate 3D scenes.\u00a0 Finally, we will teach you to create highly realistic images with reflections and shadows using raytracing.CSE167x teaches the foundations of computer graphics.\u00a0\n"}