{"name": "Computational Neuroscience", "instructor(s)": "Rajesh Rao, Adrienne Fairhall", "university": "University of Washington", "provider": "coursera", "start": "01/May/2015", "duration": "10 weeks", "language": "English", "description": "\nUnderstanding how the brain works is one of the fundamental challenges in science today. This course will introduce you to basic computational techniques for analyzing, modeling, and understanding the behavior of cells and circuits in the brain. You do not need to have any prior background in neuroscience to take this course.\n"}