{"name": "Comparative Media Systems", "instructor(s)": "Various", "university": "NA", "provider": "saylor", "start": "Always Available", "duration": "Always Available", "language": "English", "description": "\nWhether you know it or not, you are actively contributing to a comprehensive media environment forged on both regional and global levels \u2013 even when you are privately using social media websites! The media we use today has come a long way, but the basic pattern of development remains consistent. This course introduces various academic theories, cases, and models to make sense of local and global media development. How does a locally operated newspaper trigger development of the national mass media market?\n"}