{"name": "Confronting Gender Based Violence: Global Lessons with Case Studies from India", "instructor(s)": "Michele Decker", "university": "Johns Hopkins University", "provider": "coursera", "start": "Always Available", "duration": "Always Available", "language": "English", "description": "\nThis course introduces participants from the health care sector to gender based violence (GBV), including global epidemiology of GBV, health outcomes, seminal research, policy and ethical guidelines, and clinical best practices for GBV prevention, support and management.\n"}