{"name": "Congressional Politics", "instructor(s)": "Various", "university": "NA", "provider": "saylor", "start": "Always Available", "duration": "Always Available", "language": "English", "description": "\nExamination of the role of the U.S. Congress within the American political system, with particular emphasis on the constitutional foundations of the legislative branch, the dynamics of representation, redistricting, and the role of money. Explores the influence of constituents, interest groups, the media, and other political institutions on the lawmaking process.\n"}