{"name": "Constitutional Struggles in the Muslim World", "instructor(s)": "Ebrahim Afsah", "university": "University of Copenhagen", "provider": "coursera", "start": "01/Oct/2015", "duration": "12 weeks", "language": "English", "description": "\nLearn what motivates the restive Muslim youth from Tunis to Tehran, what political positions Islamists from Mali to Chechnya are fighting for, where the seeming obsession with Islamic law comes from, where the secularists have vanished to, and whether it makes sense to speak of an Islamic Statse.\n"}