{"name": "Contemporary Issues in Philosophy of Mind & Cognition", "instructor(s)": "Rajakishore Nath, Ranjan K.Panda", "university": "IIT Bombay", "provider": "nptel", "start": "Always Available", "duration": "Always Available", "language": "English", "description": "\nThis course analyses how human mind is unique in comparison to chimpanzees or robots? Can mind be completely explained in scientific terms? The structure of this course is interdisciplinary in nature. It discusses the current issues in cognitive science, artificial intelligence and consciousness.\n"}