{"name": "ContractsX: From Trust to Promise to Contract", "instructor(s)": "Charles Fried", "university": "Harvard", "provider": "edx", "start": "08/Jan/2015", "duration": "Always Available", "language": "English", "description": "\nContracts are promises that the law will enforce. But when will the law refuse to honor a promise? What happens when one party does not hold to their part of the deal?\nWe are exposed to contracts in all areas of our life\u2014 agreeing to terms when downloading a new computer program, hiring a contractor to repair a leaking roof, and even ordering a meal at a restaurant. Knowing the principles of contracts is not just a skill needed by lawyers, it illuminates for everyone a crucial institution that we use all the time and generally take for granted.\nThis course is designed to introduce the range of issues that arise when entering and enforcing contracts. It will provide an introduction to what a contract is and also analyze the purpose and significance of contracts. Then, it will discuss the intent to create legal relations, legality and morality, and the distinction between gifts and bargains. The course also investigates common pitfalls: one-sided promises, mistake, fraud, and frustration. With the knowledge of what makes contracts and how they can go wrong, Professor Fried will discuss remedies and specific performance. Finally, Professor Fried will introduce how contracts can create rights for third parties.\u00a0\nThe course\u2019s instructor, Charles Fried, has been teaching at Harvard Law School for more than 50 years and has written extensively on contracts. Not only is Professor Fried a leading authority on contract law, but he also utilizes a story-telling approach to explaining the topic, which creates a unique and interesting class experience.\n"}