{"name": "Content Strategy for Professionals: Engaging Audiences for Your Organization", "instructor(s)": "Bobby Calder, Candy Lee and others", "university": "Northwestern University", "provider": "coursera", "start": "09/Jun/2014", "duration": "6 weeks", "language": "English", "description": "\nThis professional Content Strategy MOOC is for people anywhere in an organization who have content development experience and now want to significantly improve their abilities to understand audiences and develop strategic words, pictures, graphics, and videos to convey their organization's most important goals.\n"}