{"name": "Convex Optimization", "instructor(s)": "Joydeep Dutta", "university": "IIT Kanpur", "provider": "nptel", "start": "Always Available", "duration": "Always Available", "language": "English", "description": "\nBasic facts of maxima & minima & convex optimization.Important classes of convex optimization problems.Convex sets & convex functions, Differentiable convex functions, Projection on a convex set and normal cone, Sub differential of a convex.Saddle point Conditions. Karush-kuhn-Tucker Conditions\n"}