{"name": "Copyright for Educators & Librarians", "instructor(s)": "Kevin Smith, Lisa Macklin and others", "university": "Duke University", "provider": "coursera", "start": "26/Jan/2015", "duration": "8 weeks", "language": "English", "description": "\nFear and uncertainty about copyright law often plagues educators and sometimes prevents creative teaching. This course is a professional development opportunity designed to provide a basic introduction to US copyright law and to empower teachers and librarians at all grade levels. Course participants will discover that the law is designed to help educators and librarians.\n"}