{"name": "Copyright", "instructor(s)": "William Fisher III", "university": "Harvard", "provider": "edx", "start": "12/Jan/2015", "duration": "Always Available", "language": "English", "description": "\nThe course explores in depth the law, theory, and practice of copyright. Approximately two thirds of the course focus on the copyright system of the United States; the remainder is devoted to the laws pertaining to copyright and \"neighboring rights\" in other countries. Considerable attention is devoted to the relationship between copyright law and creative expression in a variety of fields: literature; music; film; photography; graphic art; software; comedy; fashion; and architecture.\n"}