{"name": "Core Concepts in Data Analysis", "instructor(s)": "Boris Mirkin", "university": "Higher School of Economics", "provider": "coursera", "start": "21/Apr/2014", "duration": "4 weeks", "language": "English", "description": "\nLearn both theory and application for basic methods that have been invented either for developing new concepts \u2013 principal components or clusters, or for finding interesting correlations \u2013 regression and classification. This is preceded by a thorough analysis of 1D and 2D data.\n"}