{"name": "Corporate Finance Essentials", "instructor(s)": "Javier Estrada", "university": "IESE Business School", "provider": "coursera", "start": "14/Sep/2015", "duration": "6 weeks", "language": "English", "description": "\nCorporate Finance Essentials will enable you to understand key financial issues related to companies, investors, and the interaction between them in the capital markets. By the end of this course you should be able to understand most of what you read in the financial press and use the essential financial vocabulary of companies and finance professionals.\n"}