{"name": "Corporate Finance", "instructor(s)": "Franklin Allen", "university": "University of Pennsylvania", "provider": "coursera", "start": "16/Feb/2015", "duration": "Always Available", "language": "English", "description": "\nThis course is intended to provide a market-oriented framework for analyzing the majortypes of financial decisions made by corporations. Lectures and readings will provide anintroduction to present value techniques, capital budgeting principles, asset valuation, the operation and efficiency of financial markets, the financial decisions of firms, and derivatives.\n"}