{"name": "Cracking Mechanics: Further Maths for Engineers", "instructor(s)": "Various", "university": "University of Bristol", "provider": "futurelearn", "start": "06/Jul/2015", "duration": "6 weeks", "language": "English", "description": "\nThe aim of this free online course is to introduce you to some of the physics and maths that engineers find useful. The content comprises: parts of A-level maths and further maths (mechanics); the physical laws which this maths is used to model; and examples of how these skills are employed in mechanical, aerospace, civil, environmental, materials and electrical engineering.\n"}