{"name": "Cracking the Creativity Code: Part 1- Discovering Ideas", "instructor(s)": "Shlomo Maital", "university": "Technion - Israel Institute of Technology", "provider": "coursera", "start": "Always Available", "duration": "Always Available", "language": "English", "description": "\nCreativity is an acquired skill that improves with practice. Creativity changes the world and enriches people\u2019s lives. It takes two skills: \u201cdiscovery\u201d - discovering new ideas, and \u201cdelivery\u201d \u2013 implementing ideas, using proven tools and methods. This course, on \u201cdiscovery\u201d, will provide proven tools that will help you discover an endless stream of creative ideas.\n"}