{"name": "Creative Problem Solving", "instructor(s)": "Brad Hokanson, Marit McCluske", "university": "University of Minnesota", "provider": "coursera", "start": "03/Sep/2014", "duration": "8 weeks", "language": "English", "description": "\nThis course deals directly with your ability for creativity which is a critical skill in any field. It focuses on divergent thinking, the ability to develop multiple ideas and concepts to solve problems. Through a series of creativity building exercises, short lectures, and readings, learners develop both an understanding of creativity and increase their own ability.\n"}