{"name": "Creating Site-Specific Dance and Performance Works", "instructor(s)": "Stephan Koplowitz", "university": "California Institute of the Arts", "provider": "coursera", "start": "29/Sep/2014", "duration": "5 weeks", "language": "English", "description": "\nThis course will look into the process of creating live site-specific choreography/performance works from conception, production to performance. Site-specific dance/performance is work created in response to a particular place, site, inspired by its architecture/design, the history and current use.\n"}