{"name": "Creating a Course with edX Studio", "instructor(s)": "Ildi Morris, Mark Rudnick", "university": "NA", "provider": "edx", "start": "07/Oct/2016", "duration": "Always Available", "language": "English", "description": "\nIn this course, we will introduce you to edX Studio, edX\u2019s course-authoring tool. This course is ideal for course authors and course teams interested in uncovering the nuts and bolts of building an edX course. We will cover everything you need to know to successfully create your first course on the edX platform, including: The basics of course set-up Adding course content, including videos, assessments, and interactive components Configuring course settings and optimizing the course experience for learners Through engaging activities and hands-on learning, this course will walk you through the course development process directly in Studio. Important note: Access to an updated version of the edX platform is required to complete this course. If you are a member of one of edX\u2019s partner institutions and are interested in creating a course with edX, please reach out to your institutional leadership or contact your edX Program Manager.\n"}