{"name": "Creative Programming for Digital Media & Mobile Apps", "instructor(s)": "Mick Grierson, Matthew Yee-King and others", "university": "University of London International Programmes", "provider": "coursera", "start": "03/Aug/2015", "duration": "6 weeks", "language": "English", "description": "\nFor anyone who would like to apply their technical skills to creative work ranging from video games to art installations to interactive music, and also for artists who would like to use programming in their artistic practice.\n"}