{"name": "Creative Problem Solving and Decision Making", "instructor(s)": "Alexander de Haan, Fieke Miedema and others", "university": "Delft", "provider": "edx", "start": "10/Nov/2014", "duration": "Always Available", "language": "English", "description": "\nSolving Complex Problems addresses complex multi actor systems; so called \"spaghetti situations\" in which everything is connected to everything, and everything influences everything. Situations, for instance, in which innovative new energy technologies emerge into the existing energy system. Or new health technology, medicine, treatments or screening technologies are being developed and society has to decide about whether they should be allowed and what they may cost.\nWhat to do about expanding international airports that have the habit of developing closely to densely populated areas? These airports are believed to contribute substantially to the economy and industrial activity in a country but also generate substantial hindrance when it comes to noise and local air quality. What to do about the multi-facetted and multi-subsystem linkages of the ICT based emergency response system in a country, where at different places decisions have to be made that may influence the safety of people substantially.\nIn situations such as the above, it is by far not obvious what the best solution is. All people involved have a different idea about what the solution should be. And if you ask them, all these people have different ideas about what the problem exactly is either. If you, as engineer, consultant, manager, policy maker, politician or analyst are in a situation like this, then what to do?\nThere are multiple ways, but one option that has proven to be very useful is the analytical, engineering like approach of analysing the problem, a methodology for making the problem explicit and rationalising the different potential solutions. In short: analytically based support of decision making, design and implementation of solutions.\nProblem analysis as a course teaches such a method. It contains tools like:\nActor analysis\nCausal modelling\nGoal trees and means-end diagrams\nProblem diagrams\nUncertainty\nDecision Support\nScore cards\nThis course introduces each technique and each technique will immediately be applied to a concrete case. Combining the application of all techniques of 5 weeks gives a coherent analysis of the problem. The course finalizes with handing in the complete analysis, as well as by making a multiple choice exam.\n"}