{"name": "Critical Perspectives on Management", "instructor(s)": "Rolf Strom-Olsen", "university": "IE Business School", "provider": "coursera", "start": "01/Jan/2016", "duration": "6 weeks", "language": "English", "description": "\nInnovative management and inspired leadership need more than rules and knowledge: imagination, creativity and lateral thinking are also integral. This class offers students the opportunity to consider different ways to ask questions, ponder problems, discover opportunities and explore key concepts that inform the contemporary practice of management.\n"}