{"name": "CS For All: Introduction to Computer Science and Python Programming", "instructor(s)": "Zachary Dodds", "university": "HarveyMudd", "provider": "edx", "start": "02/Jun/2015", "duration": "14 weeks", "language": "English", "description": "\nThis computer science \u00a0course provides an introduction to computer science that\u2019s both challenging and fun. It takes a broad look at the field of computer science through a variety of demonstrations and projects. We\u2019ll cover both low- and high-level concepts, from how the circuits inside a computer represent data to how to design algorithms, as well as how all of this information affects the technology we use today. Additionally, we\u2019ll teach the basics of Python programming, giving us a a way to put our new CS knowledge into practice.\n"}