{"name": "Culture of Services: New Perspective on Customer Relations", "instructor(s)": "Yutaka Yamauchi, Nao Sato", "university": "KyotoU", "provider": "edx", "start": "28/Jan/2016", "duration": "8 weeks", "language": "English", "description": "\nIn this business and management course, you will learn how to analyze customer interactions, using video data taken in actual services. Through discussions of a variety of services such as sushi bars, restaurants, hotels and apparel, you will explore the nuanced and paradoxical nature of customer relations and discuss how to design services from cultural perspective.\u00a0\n"}