{"name": "Cultural Geography of the World", "instructor(s)": "Deng Hui", "university": "Peking University", "provider": "edx", "start": "23/Sep/2013", "duration": "Always Available", "language": "English", "description": "\nCultural Geography of the World is one of the most popular undergraduate courses at Peking University. It is an inclusive, general introductory course, combining natural and cultural geography with history and art. Through the lens of humanism and independent thinking, learners will be encouraged to observe and analyze cultural phenomena from spatial and time perspectives. This course has 12 chapters: The basic research method of world cultural geography; The division of world culture areas; The world's population distribution and migration of population; Origin of agriculture; Diffusion and regional differences; The origin and spread of the city; Regional differences and characteristics of urban morphology; The spatial distribution of the major languages, religions, ethnicities in the world and their relationship; The great geographical discovery and the formation of the world colonial system; World geopolitics and the spatial structures of the world geography system; Global economic integration; Urbanization and its political, economic, social impacts. Using relevant domestic and foreign textbooks, publications, maps, photos, and charts to show the difference and the changing progress of spatial patterns of the cultures, learners will be asked to observe and analyze cultural phenomena with geographic and spatial vision and to consider the development and changing process of the cultural phenomena in light of time sequence. \u300a\u4e16\u754c\u6587\u5316\u5730\u7406\u300b\u662f\u4ecb\u7ecd\u4e16\u754c\u6587\u5316\u5730\u7406\u7684\u683c\u5c40\u3001\u5f62\u6210\u3001\u53d1\u5c55\u8fc7\u7a0b\uff0c\u57f9\u517b\u5b66\u751f\u7528\u5730\u7406\u5b66\u7684\u773c\u5149\u53bb\u89c2\u5bdf\u548c\u5206\u6790\u4e16\u754c\u4e0a\u6587\u5316\u73b0\u8c61\u7684\u53d1\u751f\u3001\u53d1\u5c55\u4e0e\u7a7a\u95f4\u5206\u5e03\u7279\u70b9\u3002 \u300a\u4e16\u754c\u6587\u5316\u5730\u7406\u300b\u662f\u5317\u4eac\u5927\u5b66\u6700\u53d7\u672c\u79d1\u751f\u540c\u5b66\u6b22\u8fce\u7684\u901a\u9009\u8bfe\u4e4b\u4e00\u3002\u8bfe\u7a0b\u5185\u5bb9\u4fe1\u606f\u91cf\u5f88\u5927\uff0c\u5305\u7f57\u4e07\u8c61\uff0c\u628a\u4e16\u754c\u5730\u7406\u540c\u4e16\u754c\u5386\u53f2\u3001\u6587\u5316\u3001\u827a\u672f\u7b49\u878d\u5408\u5728\u4e00\u8d77\u3002\u4efb\u8bfe\u6559\u5e08\u5e26\u9886\u5b66\u751f\u7528\u5730\u7406\u7a7a\u95f4\u7684\u89c2\u70b9\u3001\u65f6\u95f4\u53d8\u5316\u7684\u89d2\u5ea6\uff0c\u53bb\u89c2\u5bdf\u548c\u5206\u6790\u4e16\u754c\u4e0a\u7684\u6587\u5316\u73b0\u8c61\u3002\u8bfe\u7a0b\u5185\u5bb9\u517c\u5177\u79d1\u5b66\u6027\u548c\u8da3\u5473\u6027\uff0c\u6bcf\u5e74\u5438\u5f15\u4e86\u5927\u91cf\u5b66\u751f\u9009\u8bfe\u3002\u00a0 \u300a\u4e16\u754c\u6587\u5316\u5730\u7406\u300b\u5177\u4f53\u5185\u5bb9\u5305\u62ec\uff1a\u4e16\u754c\u6587\u5316\u5730\u7406\u7684\u57fa\u672c\u7814\u7a76\u65b9\u6cd5\uff0c\u4e16\u754c\u6587\u5316\u533a\u7684\u5212\u5206\uff0c\u4e16\u754c\u4eba\u53e3\u5206\u5e03\u4e0e\u4eba\u53e3\u8fc1\u79fb\uff0c\u519c\u4e1a\u7684\u8d77\u6e90\u3001\u4f20\u64ad\u4e0e\u533a\u57df\u5dee\u5f02\uff0c\u57ce\u5e02\u7684\u8d77\u6e90\u4e0e\u6269\u6563\uff0c\u57ce\u5e02\u5f62\u6001\u7684\u533a\u57df\u5dee\u5f02\u4e0e\u7279\u70b9\uff0c\u4e16\u754c\u4e3b\u8981\u8bed\u8a00\u3001\u5b97\u6559\u3001\u4eba\u79cd\u7684\u7a7a\u95f4\u5206\u5e03\u53ca\u5176\u76f8\u4e92\u5173\u7cfb\uff0c\u5730\u7406\u5927\u53d1\u73b0\u4e0e\u4e16\u754c\u6b96\u6c11\u4f53\u7cfb\u7684\u5f62\u6210\uff0c\u4e16\u754c\u5730\u7f18\u653f\u6cbb\u4e0e\u4e16\u754c\u5730\u7406\u7cfb\u7edf\u7684\u7a7a\u95f4\u7ed3\u6784\u7279\u70b9\uff0c\u5168\u7403\u7ecf\u6d4e\u8bae\u9898\u5316\u3001\u57ce\u5e02\u5316\u73b0\u8c61\u53ca\u5176\u4f34\u968f\u7684\u653f\u6cbb\u3001\u7ecf\u6d4e\u3001\u793e\u4f1a\u95ee\u9898\uff0c\u7b49\u7b49\u3002\u00a0 \u300a\u4e16\u754c\u6587\u5316\u5730\u7406\u300b\u7684\u6388\u8bfe\u5185\u5bb9\u517c\u53ca\u81ea\u7136\u5730\u7406\u548c\u6587\u5316\u5730\u7406\u4e24\u5927\u65b9\u9762\uff0c\u8bfe\u7a0b\u7efc\u5408\u5438\u6536\u56fd\u5185\u5916\u76f8\u5173\u7684\u6700\u65b0\u6559\u6750\u548c\u7814\u7a76\u8bba\u8457\u7684\u5185\u5bb9\uff0c\u91c7\u53d6\u5730\u56fe\u3001\u7167\u7247\u3001\u56fe\u8868\u7b49\u8868\u73b0\u5f62\u5f0f\uff0c\u529b\u56fe\u751f\u52a8\u6d45\u663e\u5730\u5c55\u793a\u4e16\u754c\u6587\u5316\u5730\u7406\u683c\u5c40\u7684\u57fa\u672c\u7a7a\u95f4\u5dee\u5f02\u548c\u53d8\u5316\u8fc7\u7a0b\uff0c\u6ce8\u610f\u4e13\u9898\u4ecb\u7ecd\u4e0e\u7efc\u5408\u5206\u6790\u76f8\u7ed3\u5408\uff0c\u7a7a\u95f4\u5dee\u5f02\u5206\u6790\u4e0e\u4e16\u754c\u53d8\u5316\u5206\u6790\u76f8\u7ed3\u5408\uff0c\u91cd\u89c6\u57f9\u517b\u5927\u5b66\u751f\u7684\u4e24\u79cd\u80fd\u529b\uff1a\u8fd0\u7528\u5730\u7406\u5b66\u7684\u3001\u7a7a\u95f4\u7684\u773c\u5149\u6765\u89c2\u5bdf\u3001\u5206\u6790\u4e16\u754c\u4e0a\u6587\u5316\u73b0\u8c61\u7684\u80fd\u529b\u548c\u4ece\u65f6\u95f4\u7684\u89d2\u5ea6\u6765\u770b\u5f85\u4e16\u754c\u4e0a\u6587\u5316\u73b0\u8c61\u53d1\u5c55\u53d8\u5316\u8fc7\u7a0b\u7684\u80fd\u529b\u3002\u00a0 \u8bfe\u7a0b\u6709\u671f\u4e2d\u548c\u671f\u672b\u4e24\u6b21\u8003\u8bd5\uff0c\u6700\u7ec8\u6709\u671f\u672b\u6210\u7ee9\u3002\n"}