{"name": "Curanderismo: Traditional Medicine", "instructor(s)": "Eliseo (Cheo) Torres", "university": "University of New Mexico", "provider": "coursera", "start": "06/Apr/2015", "duration": "6 weeks", "language": "English", "description": "\nThis online course will provide information on the history, traditions, rituals, herbs and remedies and video demonstrations of Curanderismo, a folk healing tradition of the Southwestern United States, Latin America and Mexico. The course will discuss the effectiveness of traditional medicine in order to meet the needs of many people, especially the uninsured.\n"}