{"name": "Cyber-Physical Systems", "instructor(s)": "Edward Lee, Sanjit Seshia and others", "university": "University of California, Berkeley", "provider": "edx", "start": "06/May/2014", "duration": "6 weeks", "language": "English", "description": "\nEECS149.1x introduces students to the design and analysis of cyber-physical systems --- computational systems that are integrated with physical processes. Applications of such systems include medical devices and systems, consumer electronics, toys and games, assisted living, traffic control and safety, automotive systems, process control, energy management and conservation, environmental control, aircraft control systems, communications systems, instrumentation, critical infrastructure control (electric power, water resources, and communications systems for example), robotics and distributed robotics (telepresence, telemedicine), defense systems, manufacturing, and smart structures.\nA major theme of the course is on the interplay of practical design with formal models of systems, including both software components and physical dynamics. A major emphasis will be on building high confidence systems with real-time and concurrent behaviors. Students will apply concepts learned in lectures to programming a robotic controller in a specially-designed virtual laboratory environment with built-in automatic grading and feedback mechanisms.\nThis edX course is an online adaptation of the UC Berkeley undergraduate course EECS 149, covering a subset of topics that are especially relevant for the lab component of that class.\n"}