{"name": "Dairy Production and Management", "instructor(s)": "Alexander Hristov, Greg Roth and others", "university": "The Pennsylvania State University", "provider": "coursera", "start": "Always Available", "duration": "8 weeks", "language": "English", "description": "\nWith the world's first MOOOOO-C, you will gain a broad and comprehensive understanding of all aspects of dairy management such as genetics, nutrition, reproduction, animal health, farm economics, and sustainability of dairy production systems. There's something here for everyone whether you are just looking for the basics or have years of experience in the dairy industry.\n"}