{"name": "Data Structures \u2022 \u6570\u636e\u7ed3\u6784", "instructor(s)": "Junhui Deng", "university": "Tsinghua", "provider": "edx", "start": "16/Sep/2014", "duration": "Always Available", "language": "English", "description": "\nData structures play a central role in computer science and are the cornerstones of efficient algorithms. Knowledge in this area has been at the kernel of related curriculums. This course aims at exploring the principles and methods in the design and implementation of various data structures and providing students with main tools and skills for algorithm design and performance analysis. Topics covered by this course range from fundamental data structures to recent research results.\n"}