{"name": "Data Analysis", "instructor(s)": "Jeff Leek", "university": "Johns Hopkins University", "provider": "coursera", "start": "28/Oct/2013", "duration": "8 weeks", "language": "English", "description": "\nThis course is an applied statistics course focusing on data analysis. The course will begin with an overview of how to organize, perform, and write-up data analyses. Then we will cover some of the most popular and widely used statistical methods like linear regression, principal components analysis, cross-validation, and p-values. Instead of focusing on mathematical details, the lectures will be designed to help you apply these techniques to real data using the R statistical programming language, interpret the results, and diagnose potential problems in your analysis. You will also have the opportunity to critique and assist your fellow classmates with their data analyses.\n"}