{"name": "Data Analysis and Statistical Inference", "instructor(s)": "Mine \u00c7etinkaya-Rundel", "university": "Duke University", "provider": "coursera", "start": "14/Sep/2015", "duration": "10 weeks", "language": "English", "description": "\nThis course introduces you to the discipline of statistics as a science of understanding and analyzing data. You will learn how to effectively make use of data in the face of uncertainty: how to collect data, how to analyze data, and how to use data to make inferences and conclusions about real world phenomena.\n"}