{"name": "Data, Analytics and Learning", "instructor(s)": "George Siemens, Carolyn Ros\u0102\u00a9 and others", "university": "UTArlington", "provider": "edx", "start": "20/Oct/2014", "duration": "8 weeks", "language": "English", "description": "\nCapturing and analyzing data has changed how decisions are made and resources are allocated in businesses, journalism, government, and military and intelligence fields. Through better use of data, leaders are able to plan and enact strategies with greater clarity and confidence. Data drives increased organizational efficiency and a competitive advantage. Simply, analytics provide new insight and actionable intelligence.\nIn education, the use of data and analytics to improve learning is referred to as learning analytics. Analytics have not yet made the impact on education that they have made in other fields. That's starting to change. Software companies, researchers, educators, and university leaders recognize the value of data in improving not only teaching and learning, but the entire education sector. In particular, learning analytics enables universities, schools, and corporate training departments to improve the quality of learning and overall competitiveness. Research communities such as the International Educational Data Mining Society (IEDMS) and the Society for Learning Analytics Research (SoLAR) are developing promising models for improving learner success through predictive analytics, machine learning, recommender systems (content and social), network analysis, tracking the development of concepts through social systems, discourse analysis, and intervention and support strategies. The era of data and analytics in learning is just beginning.\n\u00a0\nData, Analytics, and Learning provides an introduction to learning analytics and how it is being deployed in various contexts in education, including to support automated intervention, to inform instructors, and to promote scientific discovery. Additionally, we will discuss tools and methods, what skills data scientists need in education, and how to protect student privacy and other rights. The course will provide a broad overview of the field, suitable for a broad audience. Learners will explore the logic of analytics, the basics of finding, cleaning, and using educational data, predictive models, text analysis, and activity graphs and social networks. We will discuss use of analytics in data domains such as log files and text data.\n"}