{"name": "Data Visualization", "instructor(s)": "John Hart", "university": "University of Illinois at Urbana-Champaign", "provider": "coursera", "start": "20/Jul/2015", "duration": "6 weeks", "language": "English", "description": "\nLearn how to transform information from a format efficient for computation into a format efficient for human perception, cognition and communication. Explore elements of computer graphics, human computer interaction, perceptual psychology and design, in addition to data processing and computation.\n"}