{"name": "Data Science Essentials", "instructor(s)": "Dr. Steve Elston, Cynthia Rudin", "university": "Microsoft", "provider": "edx", "start": "15/Nov/2015", "duration": "5 weeks", "language": "English", "description": "\nDemand for Data science talent is exploding. Learn these essentials with experts from MIT and the industry, partnering with Microsoft to help develop your career as a data scientist. By the end of this course, you will know how to build and derive insights from data science and machine learning models. You will learn key concepts in data acquisition, preparation, exploration and visualization along with examples on how to build a cloud data science solution using Azure Machine Learning, R & Python.\n"}