{"name": "Debt Sustainability Analysis", "instructor(s)": "Irina Yakadina, Adina Popescu and others", "university": "IMF", "provider": "edx", "start": "07/Oct/2015", "duration": "5 weeks", "language": "English", "description": "\nWhat causes a country's debt to become unsustainable? How do we assess debt sustainability of public and external debt? How can countries manage their debt portfolio?\nThis five-week online course aims to provide a comprehensive overview of debt sustainability analysis (DSA) and a medium-term debt management strategy framework adopted by the IMF and the World Bank.\nSpecifically, the course will: (i) introduce the main principles of debt sustainability; (ii) cover recently updated DSA frameworks-both for advanced and emerging markets and for low-income countries-with an emphasis on country data; (iii) present a medium-term debt management strategy (MTDS) framework; and (iv) illustrate debt sustainability analysis under uncertainty.\nWhether you have a professional interest in debt sustainability or debt management or you are simply curious about these issues, we hope that you will join us in this in-depth study of one of the most critical and current issues in economic policy today!\n"}