{"name": "Deciphering Secrets: Unlocking the Manuscripts of Medieval Spain", "instructor(s)": "Kathryn Andrus, Roger Mart\u0102\u00adnez-D\u0102\u02c7vila", "university": "University of Colorado System", "provider": "coursera", "start": "21/Jan/2016", "duration": "6 weeks", "language": "English", "description": "\nIn this course students will explore the history of Jews, Christians, and Muslims in late medieval, fifteenth century Spain. Serving as citizen-scholars, students will learn about the positive and negative elements of inter-religious co-existence in Plasencia, Spain, and more importantly, contribute to an international scholarly effort by helping transcribe manuscripts.\n"}