{"name": "Decouvrir la science politique", "instructor(s)": "Nathalie Schiffino, Pierre Baudewyns and others", "university": "Louvain", "provider": "edx", "start": "06/Feb/2015", "duration": "Always Available", "language": "English", "description": "\nLe politique nous concerne tous : chaque jour, des d\u00e9cisions publiques sont adopt\u00e9es dans une s\u00e9rie de secteurs, impactant notre quotidien. Dans quel contexte ces d\u00e9cisions sont-elles adopt\u00e9es ? Au 21\u00e8me si\u00e8cle, de nombreux paradoxes brouillent la vision que nous pouvons en avoir. Qu\u2019est-ce que le pouvoir dans une soci\u00e9t\u00e9 \u2018multi-\u00e9chelles\u2019 ? L\u2019\u00c9tat demeure-t-il un acteur politique majeur s\u2019il est concurrenc\u00e9 par des organisations internationales et r\u00e9gionales ? La d\u00e9mocratie pr\u00f4n\u00e9e par la communaut\u00e9 internationale peut-elle coexister avec des r\u00e9gimes autoritaires voire totalitaires? Quel est le r\u00f4le des citoyens face aux id\u00e9ologies ? Le cours vise \u00e0 comprendre et \u00e0 expliquer des ph\u00e9nom\u00e8nes politiques \u00e0 partir d\u2019une posture d\u2019analyse critique. Politics impact all of us: everyday political decisions concern many areas of our lives. In which context are these decisions made? In the 21st century, many paradoxes blur our vision of these decisions. What is power in a multi-level society? Does the state remain the main political actor, if it is in competition with international and regional organizations? Can democracy \u2013 pushed forward by the international community \u2013 coexist with authoritarian, or even totalitarian, regimes? What is the role of citizens in regard to ideologies? The course aims at understanding and explaining political phenomena from a critical standpoint.\u00a0\n"}