{"name": "Delft Design Approach", "instructor(s)": "Jaap Daalhuizen, Jelle Zijlstra and others", "university": "Delft", "provider": "edx", "start": "22/Oct/2014", "duration": "Always Available", "language": "English", "description": "\nIn our daily lives we use hundreds or even thousands of products and services. They are all designed, some with more success than others. The \u201cDelft Design Approach\u201d is a structured approach that helps designers to tackle complex design challenges: from formulating a strategic vision, to mapping user behaviors, their needs and their environment, to developing and selecting meaningful proposals for products and services.\nDDA691x offers a college-level introduction to the Delft Design Approach through lectures and exercises on design fundamentals and 6 methods. You will understand basic models and concepts that underlie the Delft approach. You will also develop the capability to use 6 basic methods in a design context. You will do so by applying the methods to realistic design challenges and by reflecting on your own performance by comparing it to that of expert designers as well as through peer discussion.\n"}