{"name": "Democratic Development", "instructor(s)": "Larry Diamond", "university": "Stanford University", "provider": "coursera", "start": "05/Oct/2013", "duration": "10 weeks", "language": "English", "description": "\nGain an understanding of the political, social, cultural, economic, institutional and international factors that foster and obstruct the development and consolidation of democracy. It is hoped that students in developing or prospective democracies will use the theories, ideas, and lessons in the class to help build or improve democracy in their own countries.\n"}