{"name": "Descubriendo la pintura europea de 1400 a 1800", "instructor(s)": "Alejandro Vergara, Jennifer Calles", "university": "Universidad Carlos III de Madrid (UC3M)", "provider": "edx", "start": "28/Feb/2015", "duration": "Always Available", "language": "English", "description": "\nEl objetivo de este curso es ayudar a los estudiantes a familiarizarse con los principales pintores y pinturas europeas desde 1400 hasta 1800 aproximadamente, y con los problemas que encuentran su expresi\u00f3n en el arte de la pintura. En este amplio marco temporal se incluyen artistas de la importancia de Leonardo da Vinci, Caravaggio, Vel\u00e1zquez, Rembrandt, Vermeer o Goya. Los pintores durante este periodo estaban preocupados por ideas tales como la b\u00fasqueda de la belleza, los placeres y dolores asociados al amor, la demostraci\u00f3n de poder y estatus, o la relaci\u00f3n de hombres y mujeres con la divinidad y la naturaleza. En las pinturas del per\u00edodo cubierto en este curso se encuentran rastros de la aparici\u00f3n de la mentalidad moderna, as\u00ed como informaci\u00f3n sobre cuestiones tales como los roles respectivos de los hombres y las mujeres en el mundo. Las clases se centrar\u00e1n en im\u00e1genes de pinturas de los artistas que figuran en el programa del curso. Las discusiones que tendr\u00e1n lugar en el \"Foro del curso\" nos permitir\u00e1n abordar una gama m\u00e1s amplia de cuestiones.del curso\" nos permitir\u0102\u02c7n abordar una gama m\u0102\u02c7s amplia de cuestiones.\n"}