{"name": "Descriptive Statistics", "instructor(s)": "Matthijs Rooduijn", "university": "University of Amsterdam", "provider": "coursera", "start": "04/Jan/2016", "duration": "6 weeks", "language": "English", "description": "\nLearn about descriptive statistics, and how they are used and misused in the social and behavioral sciences. Learn how to critically evaluate the use of descriptive statistics in published research and how to generate descriptive statistics yourself, using freely available statistical software.\n"}