{"name": "Designing a New Learning Environment", "instructor(s)": "Paul Kim", "university": "Stanford University", "provider": "novoed", "start": "Always Available", "duration": "Always Available", "language": "English", "description": "\nWhat constitutes learning in the 21st century? Should reading, watching, memorizing facts, and then taking exams be the only way to learn? Or could technology (used effectively) make learning more interactive, collaborative, and constructive? Could learning be more engaging and fun? The ultimate...\n"}