{"name": "Design Practice in Business", "instructor(s)": "Dirk Snelders, Giulia Calabretta and others", "university": "Delft", "provider": "edx", "start": "31/Aug/2016", "duration": "Always Available", "language": "English", "description": "\nAre you a design practitioner eager to become more strategic? Are you a business professional who wants to become more innovative? In this course, made by the world\u2019s first strategic design school, you\u2019ll follow the lead of big successful companies who already create new business opportunities and spark innovation by practicing design. This course will introduce you to a hands-on design approach for finding new business opportunities. You will experience first-hand how design can be of value for your organisation. You\u2019ll be challenged to create your own concepts that generate new business opportunities. This course is produced by the same team that created the Strategic Product Design master programme at TU Delft, one of the oldest and most established programmes of strategic design in the world. Moreover, industry experts will help bridging design practice and business theory in a way that is unique in the present educational landscape. LICENSE The course materials of this course are Copyright Delft University of Technology and are licensed under a Creative Commons Attribution-NonCommercial-ShareAlike (CC-BY-NC-SA) 4.0 International License.\n"}