{"name": "Design in Healthcare: Using Patient Journey Mapping", "instructor(s)": "Richard H.M. Goossens", "university": "Delft", "provider": "edx", "start": "08/Feb/2017", "duration": "Always Available", "language": "English", "description": "\nIn this course you will learn about the different experiences patients go through in a medical context. The patient journey explores the interaction between the patient and the healthcare providers in all stages of the disease; coping with treatment and dealing with expectations, and interaction with and between different stakeholders. This course will give designers and specialists in healthcare the knowledge, insights and tools to be able to analyze and improve patient experience. You will learn how to map complex healthcare scenarios, pinpoint opportunities and create hands-on solutions aimed at improving the patient experience. This course is an introduction to patient journey mapping; developed at the Delft University of Technology and applied in improvement of care pathway. Step-by-step, the course visualizes the different stakeholders, phases and actions involved in patient treatment. You will be challenged to pursue new insights and given unique opportunities to learn, observe and question patients and medical professionals, with the opportunity to attend a live broadcasted, interactive surgery. No previous knowledge about health care innovation, design or journey mapping is necessary. LICENSE The course materials of this course are Copyright Delft University of Technology and are licensed under a Creative Commons Attribution-NonCommercial-ShareAlike (CC-BY-NC-SA) 4.0 International License.\n"}