{"name": "Designing Technology for Learning", "instructor(s)": "Mark Guzdial", "university": "Georgia Institute of Technology", "provider": "coursera", "start": "Always Available", "duration": "7 weeks", "language": "English", "description": "\nDesigning technologies that facilitate learning. Beyond usability, technology for learning has to engage, trigger prior knowledge, prompt for reflection, maintain a balance between too much cognitive load and too little challenge, and scaffold the development of skills.\n"}