{"name": "Design Thinking Action Lab", "instructor(s)": "Leticia Britos Cavagnaro", "university": "Stanford University", "provider": "novoed", "start": "Always Available", "duration": "Always Available", "language": "English", "description": "\nIn this experiential course, Stanford d.school lecturer and Epicenter Deputy Director Leticia Britos Cavagnaro and her team will take you on a journey to learn the design thinking process. This methodology for human-centered creative problem solving is used by companies and organizations to drive...\n"}