{"name": "Designing, Running, and Analyzing Experiments", "instructor(s)": "Scott Klemmer", "university": "UC San Diego", "provider": "coursera", "start": "16/Jun/2015", "duration": "4 weeks", "language": "English", "description": "\nYou will never know whether you have an effective user experience until you have tested it with users. In this course, you'll learn how to design experiments that compare design alternatives, techniques for running experiments, and how to analyze data from these experiments. You'll learn specific measures and concrete questions to ask users that will deliver meaningful results for your designs. This course will cover both fundamentals of experimental design as well as common web implementations, including A/B testing.\n"}