{"name": "Design and Development of Educational Technology", "instructor(s)": "Eric Klopfer, Scot Osterweil and others", "university": "MIT", "provider": "edx", "start": "08/Oct/2014", "duration": "9 weeks", "language": "English", "description": "\nTo be effective, educational technologies must be designed based on what we know about how people learn. Through interviews with experts in the field, this course explores educational technologies, outlines the theories that influence their development, and examines their use.\n"}