{"name": "Designing Cities", "instructor(s)": "Gary Hack, Jonathan Barnett and others", "university": "University of Pennsylvania", "provider": "coursera", "start": "Always Available", "duration": "9 weeks", "language": "English", "description": "\nThe course explores visionary and practical concepts of city design and planning, past and present, and how design can address such looming challenges as urban population growth, climate change and rising sea levels. Participants will be encouraged to make proposals for city design and development, starting with their own immediate environment.\n"}