{"name": "Developing Your Research Project", "instructor(s)": "Various", "university": "University of Southampton", "provider": "futurelearn", "start": "22/Jun/2015", "duration": "8 weeks", "language": "English", "description": "\nCuriosity is one of humanity\u2019s most important characteristics. It has enabled us to make the unknown known, to break barriers and to shine a light on all aspects of life, from our day to day hobbies to the exploration of the stars. Our innate desire to explore is responsible for many of our proudest achievements. This course will help train you to harness your curiosity and use it to undertake your own research projects in a scholarly manner.\n"}