{"name": "Developing Windows 10 Universal Apps - Part 3", "instructor(s)": "Chris Howd, Sage Franch and others", "university": "Microsoft", "provider": "edx", "start": "25/Nov/2015", "duration": "4 weeks", "language": "English", "description": "\nUse C# and XAML to develop Windows 10 Universal Windows Platform apps that you will be proud to publish to the new Windows store. In part three of this\u00a0three-part\u00a0programming series (three x 4-week courses) you develop an app that connects to the cloud for data and services, implements notifications, geofencing, and live tiles, and includes advanced features such as speech-to-text and inking. Put your existing C#/XAML skills to work creating apps for the new Windows app store.\n"}