{"name": "Developing Windows 10 Universal Apps - Part 2", "instructor(s)": "Chris Howd, Sage Franch and others", "university": "Microsoft", "provider": "edx", "start": "28/Oct/2015", "duration": "4 weeks", "language": "English", "description": "\nLearn to develop a Windows 10 Universal Windows Platform app that implements the MVVM pattern and presents an adaptive UI that automatically adjusts to look great on any Windows 10 device (phone, tablet, or PC). This course is\u00a0part two of a three-part programming series.\n"}