{"name": "Developing Windows 10 Universal Apps - Part 1", "instructor(s)": "Chris Howd, Sage Franch and others", "university": "Microsoft", "provider": "edx", "start": "30/Sep/2015", "duration": "4 weeks", "language": "English", "description": "\nTake your first step in using C# and XAML to develop Windows 10 Universal Windows Platform apps. In part one of this three-part programming series (three x 4-week courses) you develop a responsive UI that automatically adapts as the app window changes size.\n"}