{"name": "Development Economics ", "instructor(s)": "Alex Tabarrok, Tyler Cowen", "university": "NA", "provider": "mruniversity", "start": "Always Available", "duration": "Always Available", "language": "English", "description": "\nThis is a full course that covers all the major issues and developments in the field of development economics. Unlike typical college courses, we will take you to the frontier of the discipline, covering recent research as well as more established material. This course is non-technical and is accessible to a beginner.\u00a0If you pass the final exam, you will earn our \"Development Economics\" certificate on your profile.\n"}