{"name": "Developmental Biology", "instructor(s)": "Various", "university": "NA", "provider": "saylor", "start": "Always Available", "duration": "Always Available", "language": "English", "description": "\nSurvey of the field of developmental biology from its origins to the present day, from seminal historical experiments to modern techniques and the mechanisms of development. Follows a variety of organisms from their start at fertilization through the stages of their development and on to entire organismal and post-embryonic development, as well as the molecular and genetic regulations involved in these processes.\n"}