{"name": "Diabetes: Diagnosis, Treatment, and Opportunities", "instructor(s)": "Joseph Guglielmo, Lisa A. Kroon", "university": "University of California, San Francisco", "provider": "coursera", "start": "Always Available", "duration": "5 weeks", "language": "English", "description": "\nThis multidisciplinary course will emphasize the diagnosis and treatment of diabetes. Topics will include patient self-management, appropriate use of technologies, nutrition, behavior modification and pharmacotherapy in the management of this disease. The course will conclude by summarizing new basic science research regarding the pathophysiology and treatment of diabetes.\n"}