{"name": "Diabetes - a Global Challenge", "instructor(s)": "Jens Juul Holst, Signe S\u00f8rensen Torekov", "university": "University of Copenhagen", "provider": "coursera", "start": "13/Apr/2015", "duration": "6 weeks", "language": "English", "description": "\nDiabetes is a growing health problem in rich and poor countries alike. With this course you will get updated on cutting-edge diabetes research including Bioogical, genetic and clinical aspects as well as prevention and epidemiology of diabetes. All provided by high-profile scientists from one the world's leading universities in diabetes research.\n"}