{"name": "Digital Branding and Engagement", "instructor(s)": "Sonia Dickinson", "university": "Curtin university", "provider": "edx", "start": "02/Nov/2015", "duration": "4 weeks", "language": "English", "description": "\nLearn how to increase brand engagement through the creation and distribution of content using an owned digital channel approach.\nDigital technology has rapidly evolved in the last decade, and so too has the way people communicate. Businesses can no longer rely solely on traditional business models to build brand awareness.\n"}