{"name": "Digital Analytics for Marketing Professionals: Marketing Analytics in Theory", "instructor(s)": "Kevin Hartman", "university": "University of Illinois at Urbana-Champaign", "provider": "coursera", "start": "01/May/2015", "duration": "4 weeks", "language": "English", "description": "\nLearn the introductory theory and strategy behind marketing analytics that provides marketers with the foundation needed to apply data analytics to real-world challenges they confront daily in their professional lives.\n"}