{"name": "Digital Systems", "instructor(s)": "Elena Valderrama, Jean-Pierre Deschamps and others", "university": "Universitat Aut\u0148noma de Barcelona", "provider": "coursera", "start": "Always Available", "duration": "Always Available", "language": "English", "description": "\nIn this course we will learn how to design digital circuits, following an up to date and practical orientation. Although we will study the basic electronic devices necessary for the construction of digital systems, our interest will focus more on the system than in the Electronics. This approach will allow us to establish the fundamentals of complex digital systems design.\n"}