{"name": "Digital Analytics for Marketing Professionals: Marketing Analytics in Practice", "instructor(s)": "Kevin Hartman", "university": "University of Illinois at Urbana-Champaign", "provider": "coursera", "start": "29/Jun/2015", "duration": "6 weeks", "language": "English", "description": "\nThis course builds on the theory and foundations of marketing analytics and focuses on practical application by demystifying the use of data in marketing and helping you realize the power of visualizing data with artful use of numbers found in the digital space.\n"}