{"name": "Dino 101: Dinosaur Paleobiology", "instructor(s)": "Philip John Currie, Victoria Megan Arbour", "university": "University of Alberta", "provider": "coursera", "start": "01/Sep/2015", "duration": "12 weeks", "language": "English", "description": "\nDino 101: Dinosaur Paleobiology is a 12-lesson course teaching a comprehensive overview of non-avian dinosaurs. Topics covered: anatomy, eating, locomotion, growth, environmental and behavioral adaptations, origins and extinction. Lessons are delivered from museums, fossil-preparation labs and dig sites. Estimated workload: 3-5 hrs/wk for non-credit; 7-10 hrs/wk for credit\n"}