{"name": "Diploma in Legal Studies", "instructor(s)": "Various", "university": "NA", "provider": "alison", "start": "Always Available", "duration": "Always Available", "language": "English", "description": "\nThis free online Diploma in Legal Studies course from ALISON.com gives you the opportunity to study key subjects in legal studies, greatly increasing your understanding and knowledge of legal systems and related procedures and practices.You will review the types of law and how they are created, how the adversary legal system operates, and what types of legal procedures there are.\n"}