{"name": "Diploma in Psychology", "instructor(s)": "Various", "university": "NA", "provider": "alison", "start": "Always Available", "duration": "Always Available", "language": "English", "description": "\nALISON's free online Diploma in Psychology is an engaging course, and is packed with features to help you understand and evaluate classic and contemporary psychology. These online psychology courses are ideal for those who want to gain comprehensive understanding of the main elements of psychology, and will be of great benefit to students in their career progression.Topics covered include classical conditioning, learning theory, the biological basis of behavior, visual perceptions, memory, and cognition.The Research Methodology section allows you to cast a critical eye on the research process, to explore the nature of psychology as an evolving science, and understand some of the ethical issues faced by psychologists.\n"}