{"name": "Diploma in Mathematics", "instructor(s)": "Various", "university": "NA", "provider": "alison", "start": "Always Available", "duration": "Always Available", "language": "English", "description": "\nALISON.com's free online Diploma in Mathematics course gives you comprehensive knowledge and understanding of key subjects in mathematics. This course covers calculus, geometry, algebra, trigonometry, functions, vectors, data distributions, probability and probability and statistics. Math qualifications are in great demand from employers and this math course will greatly enhance your career prospects.\n"}