{"name": "Diploma in Health Studies", "instructor(s)": "Various", "university": "NA", "provider": "alison", "start": "Always Available", "duration": "Always Available", "language": "English", "description": "\nALISON's free online Diploma in Health Studies course will give you a comprehensive understanding and knowledge of important health-related subjects. This course covers diet and nutrition, health and human development, global health issues such as women's health and family health, and HIV/AIDS awareness and prevention. This Diploma course will be of great interest for anyone interested in a career in the healthcare, and will further enhance your career progression.\n"}