{"name": "Diploma in Web Design", "instructor(s)": "Various", "university": "NA", "provider": "alison", "start": "Always Available", "duration": "Always Available", "language": "English", "description": "\nAimed at both the novice and intermediate web-designer, this comprehensive, easy-to-understand course will enhance your understanding of web development tools and techniques.Topics covered include the essential tools for web page development including HTML, Cascading Style Sheets (CSS), and Adobe Dreamweaver. It also examines the practical steps needed to build a website such as registering a domain name and choosing a hosting account.On completion of the ALISON free online course, you can obtain a Diploma-level qualification to enhance your skill set, resume and career prospects.\n \n"}