{"name": "Diploma in Business and Legal Studies", "instructor(s)": "Various", "university": "NA", "provider": "alison", "start": "Always Available", "duration": "Always Available", "language": "English", "description": "\nALISON's free online Diploma in Business and Legal Studies course covers key topics in business and law such as corporate management, human resources, operations management, accounting, types of law, how laws are created, the adversary system, and legal procedures. This business online course offered by ALISON is ideal for those who want to gain comprehensive knowledge and understanding of business and legal systems. Having this knowledge will greatly improve your career prospects.\n"}