{"name": "Diploma in Business Management & Entrepreneurship", "instructor(s)": "Various", "university": "NA", "provider": "alison", "start": "Always Available", "duration": "Always Available", "language": "English", "description": "\nALISON's free Diploma in Business Management and Entrepreneurship online business course gives you the opportunity to gain extensive knowledge and understanding of the principles and practices behind key business management subjects.Subjects include corporate management, operations management, accounting, human resources, financial accounting, and project management, as well as providing insight on key entrepreneurial skills from Bill Liao, co-founder of the social networking site XING.com.ALISON's business management certificate, with a focus on entrepreneurial studies, is ideal for those who want to further their knowledge and understanding of business management and entrepreneurship through an online business course, and will greatly enhance your career prospects.\n"}