{"name": "Discovery Precalculus: A Creative and Connected Approach", "instructor(s)": "Mark L. Daniels, Karen E. Smid and others", "university": "UTAustin", "provider": "edx", "start": "01/Sep/2015", "duration": "Always Available", "language": "English", "description": "\nIn Discovery Precalculus - A Creative and Connected Approach, students deepen and extend their knowledge of functions, graphs, and equations from their high school algebra and geometry courses so they can successfully work with the concepts in a rigorous university-level calculus course. This course is designed to engage students in the \u201cdoing\u201d of mathematics, emphasizing conceptual understanding of mathematical definitions and student development of logical arguments in support of solutions.\u00a0 The course places major emphasis on why the mathematics topics covered work within the discipline, as opposed to simply the mechanics of the mathematics.\nLearn more about our High School and AP Courses\n"}