{"name": "Discrete Inference and Learning in Artificial Vision", "instructor(s)": "Nikos Paragios, Pawan Kumar", "university": "\u00c9cole Centrale Paris", "provider": "coursera", "start": "10/Jan/2014", "duration": "7 weeks", "language": "English", "description": "\nWe will present the state of the art energy minimization algorithms that are used to perform inference in modern artificial vision models: that is, efficient methods for obtaining the most likely interpretation of a given visual input. We will also cover the popular max-margin framework for estimating the model parameters using inference.\n"}