{"name": "Discrete Time Signals and Systems", "instructor(s)": "Richard G. Baraniuk", "university": "Rice", "provider": "edx", "start": "14/Feb/2014", "duration": "Always Available", "language": "English", "description": "\nTechnological innovations have revolutionized the way we view and interact with the world around us. Editing a photo, re-mixing a song, automatically measuring and adjusting chemical concentrations in a tank: each of these tasks requires real-world data to be captured by a computer and then manipulated digitally to extract the salient information. Ever wonder how signals from the physical world are sampled, stored, and processed without losing the information required to make predictions and extract meaning from the data? Students will find out in this rigorous mathematical introduction to the engineering field of signal processing: the study of signals and systems that extract information from the world around us. This course will teach students to analyze discrete-time signals and systems in both the time and frequency domains. Students will learn convolution, discrete Fourier transforms, the z-transform, and digital filtering. Students will apply these concepts in interactive MATLAB programming exercises (all done in browser, no download required). Prerequisites include strong problem solving skills, the ability to understand mathematical representations of physical systems, and advanced mathematical background (one-dimensional integration, matrices, vectors, basic linear algebra, imaginary numbers, and sum and series notation). This course is an excerpt from an advanced undergraduate class at Rice University taught to all electrical and computer engineering majors. Before your course starts, try the new edX Demo where you can explore the fun, interactive learning environment and virtual labs. Learn more.\n"}