{"name": "DNA: Biology\u2019s Genetic Code", "instructor(s)": "Elizabeth Eich, Daniel J. Catanese", "university": "Rice", "provider": "edx", "start": "08/Mar/2016", "duration": "6 weeks", "language": "English", "description": "\nDNA encodes our genetic information and is passed on within cells to maintain living organisms and produce the next generation. In this biology course you will learn how the recognition of DNA as the genetic material and the ensuing identification of its structure and coding mechanism was both a revolutionary and foundational discovery.\u00a0These discoveries led to transformational integration across the biological sciences with a common understanding of this fundamental unit of life!\n"}