{"name": "DOCUMENTARY! New Trends, New Formats", "instructor(s)": "Pilar Carrera, Pedro Valiente and others", "university": "Universidad Carlos III de Madrid (UC3M)", "provider": "edx", "start": "28/Feb/2015", "duration": "Always Available", "language": "English", "description": "\nThis course features new tendencies and formats of contemporary documentary with focus on innovative works in an interactive and multi-platform context. It includes an overview of essential authors and genres, as well as the contribution of national and international scholars and professionals.\nThe student is introduced into an attractive and dynamic experience including videos, animations, and graphic art from a global point of view. Multimedia content is presented with an interdisciplinary approach and a cutting-edge vision. Resources and materials are related to new documentary storytelling in order to provide students with creative and efficient tools useful in any professional environment.\n"}